sample_number,date_collection,site,element,value,unit,censored
1,2021-03-24,1,Ag,0.8964792997056589,µg/g,none
1,2021-03-24,1,As,4.879476817804939,µg/g,none
1,2021-03-24,1,Cd,0.9779171371830973,µg/g,none
1,2021-03-24,1,Ce,10.82754450227188,µg/g,none
1,2021-03-24,1,Co,1.8773598723722775,µg/g,none
1,2021-03-24,1,Sb,1.2327167581937362,µg/g,none
1,2021-03-24,1,Ti,37.44720678041062,µg/g,none
1,2021-03-24,1,U,0.33322883224680355,µg/g,none
1,2021-03-24,1,V,4.738193073602693,µg/g,none
2,2021-03-24,2,Ag,0.5301204108646467,µg/g,none
2,2021-03-24,2,As,3.741068437729243,µg/g,none
2,2021-03-24,2,Cd,0.6326526974076987,µg/g,none
2,2021-03-24,2,Ce,20.36357450673189,µg/g,none
2,2021-03-24,2,Co,2.5321146221474633,µg/g,none
2,2021-03-24,2,Sb,0.10706638115631692,µg/g,left
2,2021-03-24,2,Ti,29.982129355390722,µg/g,none
2,2021-03-24,2,U,0.4887909162274853,µg/g,none
2,2021-03-24,2,V,3.900902475828136,µg/g,none
3,2021-03-24,3,Ag,0.7254492522398095,µg/g,none
3,2021-03-24,3,As,2.483342865327152,µg/g,none
3,2021-03-24,3,Cd,0.7665900352183125,µg/g,none
3,2021-03-24,3,Ce,7.042828927276558,µg/g,none
3,2021-03-24,3,Co,2.2793696110806465,µg/g,none
3,2021-03-24,3,Sb,1.1986478066103627,µg/g,none
3,2021-03-24,3,Ti,49.28081203502176,µg/g,none
3,2021-03-24,3,U,0.6189760563039576,µg/g,none
3,2021-03-24,3,V,3.5618193553776036,µg/g,none
5,2021-03-30,1,Ag,0.7584305775911641,µg/g,none
5,2021-03-30,1,As,5.850611497192584,µg/g,none
5,2021-03-30,1,Cd,0.5404311378259816,µg/g,none
5,2021-03-30,1,Ce,20.90862186684204,µg/g,none
5,2021-03-30,1,Co,3.449095302188274,µg/g,none
5,2021-03-30,1,Sb,0.10103051121438676,µg/g,left
5,2021-03-30,1,Ti,106.40764569674384,µg/g,none
5,2021-03-30,1,U,0.3116708509462997,µg/g,none
5,2021-03-30,1,V,9.550653177000983,µg/g,none
6,2021-03-31,2,Ag,0.40668059413996827,µg/g,none
6,2021-03-31,2,As,9.680841216600664,µg/g,none
6,2021-03-31,2,Cd,1.2003553582254392,µg/g,none
6,2021-03-31,2,Ce,65.742128152657,µg/g,none
6,2021-03-31,2,Co,4.929535138518483,µg/g,none
6,2021-03-31,2,Sb,0.0952925481227368,µg/g,left
6,2021-03-31,2,Ti,59.06520066535765,µg/g,none
6,2021-03-31,2,U,1.6195231687372391,µg/g,none
6,2021-03-31,2,V,7.578371038251373,µg/g,none
7,2021-03-31,3,Ag,0.8346105945540251,µg/g,none
7,2021-03-31,3,As,3.5929754419946507,µg/g,none
7,2021-03-31,3,Cd,0.8991873375289359,µg/g,none
7,2021-03-31,3,Ce,11.598027139408634,µg/g,none
7,2021-03-31,3,Co,3.383374889240102,µg/g,none
7,2021-03-31,3,Sb,0.10185373803218578,µg/g,left
7,2021-03-31,3,Ti,74.61256514688884,µg/g,none
7,2021-03-31,3,U,0.6122725816795214,µg/g,none
7,2021-03-31,3,V,6.038742620876635,µg/g,none
9,2021-04-07,1,Ag,0.7401069305165134,µg/g,none
9,2021-04-07,1,As,8.285209199571183,µg/g,none
9,2021-04-07,1,Cd,0.5080453871026729,µg/g,none
9,2021-04-07,1,Ce,22.19275575324381,µg/g,none
9,2021-04-07,1,Co,1.613778619866125,µg/g,none
9,2021-04-07,1,Sb,0.1075384449940854,µg/g,left
9,2021-04-07,1,Ti,36.2775869110094,µg/g,none
9,2021-04-07,1,U,0.3443222369242571,µg/g,none
9,2021-04-07,1,V,6.348014038806492,µg/g,none
10,2021-04-07,2,Ag,0.3617283861876924,µg/g,none
10,2021-04-07,2,As,4.748703399509663,µg/g,none
10,2021-04-07,2,Cd,0.8838285309299329,µg/g,none
10,2021-04-07,2,Ce,40.97543217236703,µg/g,none
10,2021-04-07,2,Co,2.616965641331075,µg/g,none
10,2021-04-07,2,Sb,0.09984025559105432,µg/g,left
10,2021-04-07,2,Ti,21.98416754833252,µg/g,none
10,2021-04-07,2,U,0.7233875606155394,µg/g,none
10,2021-04-07,2,V,2.9584584854116804,µg/g,none
11,2021-04-07,3,Ag,0.9013871574024692,µg/g,none
11,2021-04-07,3,As,3.755763431544228,µg/g,none
11,2021-04-07,3,Cd,0.9160516600995884,µg/g,none
11,2021-04-07,3,Ce,10.406285250226432,µg/g,none
11,2021-04-07,3,Co,2.756436634052592,µg/g,none
11,2021-04-07,3,Sb,0.10565240359218173,µg/g,left
11,2021-04-07,3,Ti,71.54618586724747,µg/g,none
11,2021-04-07,3,U,0.6271385243376653,µg/g,none
11,2021-04-07,3,V,5.427887495677274,µg/g,none
13,2021-04-14,1,Ag,0.900834409756036,µg/g,none
13,2021-04-14,1,As,4.18433335271582,µg/g,none
13,2021-04-14,1,Cd,0.6198705115110115,µg/g,none
13,2021-04-14,1,Ce,10.257065566228391,µg/g,none
13,2021-04-14,1,Co,0.9217612991639804,µg/g,none
13,2021-04-14,1,Sb,0.10280662074637607,µg/g,left
13,2021-04-14,1,Ti,13.8694741600461,µg/g,none
13,2021-04-14,1,U,0.8086236425251764,µg/g,none
13,2021-04-14,1,V,2.9369090308620147,µg/g,none
14,2021-04-23,2,Ag,0.6377697892571489,µg/g,none
14,2021-04-23,2,As,3.9915444496052954,µg/g,none
14,2021-04-23,2,Cd,0.5460401386466134,µg/g,none
14,2021-04-23,2,Ce,19.509532061707983,µg/g,none
14,2021-04-23,2,Co,2.1184709270942603,µg/g,none
14,2021-04-23,2,Sb,0.1056970721911003,µg/g,left
14,2021-04-23,2,Ti,16.830303857596,µg/g,none
14,2021-04-23,2,U,0.6001421869743174,µg/g,none
14,2021-04-23,2,V,2.3162398353143416,µg/g,none
15,2021-04-14,3,Ag,0.8528023059151058,µg/g,none
15,2021-04-14,3,As,2.9684119725022744,µg/g,none
15,2021-04-14,3,Cd,0.8496447394457481,µg/g,none
15,2021-04-14,3,Ce,8.500176976147898,µg/g,none
15,2021-04-14,3,Co,2.1571549731113575,µg/g,none
15,2021-04-14,3,Sb,0.10783996549121104,µg/g,left
15,2021-04-14,3,Ti,42.78359186034602,µg/g,none
15,2021-04-14,3,U,0.6230985662631705,µg/g,none
15,2021-04-14,3,V,4.209369150710993,µg/g,none
18,2021-04-21,1,Ag,0.958077981980234,µg/g,none
18,2021-04-21,1,As,5.619335412051567,µg/g,none
18,2021-04-21,1,Cd,0.5878768419723321,µg/g,none
18,2021-04-21,1,Ce,13.07472168510112,µg/g,none
18,2021-04-21,1,Co,1.24806546088583,µg/g,none
18,2021-04-21,1,Sb,0.10936132983377075,µg/g,left
18,2021-04-21,1,Ti,24.629471577535117,µg/g,none
18,2021-04-21,1,U,0.4976771100096988,µg/g,none
18,2021-04-21,1,V,4.648949880194093,µg/g,none
19,2021-04-21,2,Ag,0.5107672968638498,µg/g,none
19,2021-04-21,2,As,4.1959234821505476,µg/g,none
19,2021-04-21,2,Cd,0.5346166116997846,µg/g,none
19,2021-04-21,2,Ce,21.96674673584262,µg/g,none
19,2021-04-21,2,Co,2.0833671126855746,µg/g,none
19,2021-04-21,2,Sb,0.09788566953797964,µg/g,left
19,2021-04-21,2,Ti,16.98193648946108,µg/g,none
19,2021-04-21,2,U,0.49097311019352574,µg/g,none
19,2021-04-21,2,V,2.1103871756390387,µg/g,none
20,2021-04-21,3,Ag,0.6867165697983384,µg/g,none
20,2021-04-21,3,As,4.223943451669121,µg/g,none
20,2021-04-21,3,Cd,1.0011797521511083,µg/g,none
20,2021-04-21,3,Ce,9.16577799225418,µg/g,none
20,2021-04-21,3,Co,2.753958052120852,µg/g,none
20,2021-04-21,3,Sb,0.10244851961889152,µg/g,left
20,2021-04-21,3,Ti,50.04529246060364,µg/g,none
20,2021-04-21,3,U,0.7288236324983387,µg/g,none
20,2021-04-21,3,V,5.001230765948475,µg/g,none
21,2021-04-28,1,Ag,0.6657068049904178,µg/g,none
21,2021-04-28,1,As,5.803808607631893,µg/g,none
21,2021-04-28,1,Cd,0.5534584924948446,µg/g,none
21,2021-04-28,1,Ce,11.265418538619324,µg/g,none
21,2021-04-28,1,Co,1.3230584240235232,µg/g,none
21,2021-04-28,1,Sb,0.1022599447796298,µg/g,left
21,2021-04-28,1,Ti,20.555691860150453,µg/g,none
21,2021-04-28,1,U,0.5358540880258486,µg/g,none
21,2021-04-28,1,V,3.9370823536960806,µg/g,none
22,2021-04-28,2,Ag,0.7274512362245614,µg/g,none
22,2021-04-28,2,As,2.8995402879217735,µg/g,none
22,2021-04-28,2,Cd,0.5608621705349306,µg/g,none
22,2021-04-28,2,Ce,19.378475420120676,µg/g,none
22,2021-04-28,2,Co,2.1686717372846607,µg/g,none
22,2021-04-28,2,Sb,0.09911785112498762,µg/g,left
22,2021-04-28,2,Ti,24.791413972254368,µg/g,none
22,2021-04-28,2,U,0.5744375928276388,µg/g,none
22,2021-04-28,2,V,2.86696045247741,µg/g,none
23,2021-04-28,3,Ag,0.5649983977082511,µg/g,none
23,2021-04-28,3,As,4.047168865518191,µg/g,none
23,2021-04-28,3,Cd,0.9068951918405466,µg/g,none
23,2021-04-28,3,Ce,8.759208932437762,µg/g,none
23,2021-04-28,3,Co,2.463106107848279,µg/g,none
23,2021-04-28,3,Sb,0.10329511414110114,µg/g,left
23,2021-04-28,3,Ti,46.857770615052466,µg/g,none
23,2021-04-28,3,U,0.7058996581477985,µg/g,none
23,2021-04-28,3,V,4.732131630940353,µg/g,none
25,2021-05-05,1,Ag,0.776843730999746,µg/g,none
25,2021-05-05,1,As,19.49910265162791,µg/g,none
25,2021-05-05,1,Cd,2.0002111700637646,µg/g,none
25,2021-05-05,1,Ce,43.05893809234253,µg/g,none
25,2021-05-05,1,Co,6.677485678972654,µg/g,none
25,2021-05-05,1,Sb,2.3270385003802314,µg/g,none
25,2021-05-05,1,Ti,32.07953490997065,µg/g,none
25,2021-05-05,1,U,4.1621123051371995,µg/g,none
25,2021-05-05,1,V,14.013899952969888,µg/g,none
26,2021-05-05,2,Ag,0.8526676442684028,µg/g,none
26,2021-05-05,2,As,15.443376214325736,µg/g,none
26,2021-05-05,2,Cd,2.781088838965589,µg/g,none
26,2021-05-05,2,Ce,92.6913533166717,µg/g,none
26,2021-05-05,2,Co,13.371014551473785,µg/g,none
26,2021-05-05,2,Sb,4.0470100574456405,µg/g,none
26,2021-05-05,2,Ti,68.26281030770343,µg/g,none
26,2021-05-05,2,U,2.416415124765309,µg/g,none
26,2021-05-05,2,V,16.412334889016517,µg/g,none
27,2021-05-05,3,Ag,0.6027157451830362,µg/g,none
27,2021-05-05,3,As,16.11091148283683,µg/g,none
27,2021-05-05,3,Cd,3.3390303421851404,µg/g,none
27,2021-05-05,3,Ce,37.53244569648995,µg/g,none
27,2021-05-05,3,Co,10.098360769963552,µg/g,none
27,2021-05-05,3,Sb,2.0237565513525286,µg/g,none
27,2021-05-05,3,Ti,167.70830250297678,µg/g,none
27,2021-05-05,3,U,2.2862494855956004,µg/g,none
27,2021-05-05,3,V,21.483077013790833,µg/g,none
29,2021-05-09,1,Ag,0.5073478466746406,µg/g,none
29,2021-05-09,1,As,28.035700837420126,µg/g,none
29,2021-05-09,1,Cd,3.238592111258781,µg/g,none
29,2021-05-09,1,Ce,52.084521097464595,µg/g,none
29,2021-05-09,1,Co,6.085115199230044,µg/g,none
29,2021-05-09,1,Sb,2.036057910179468,µg/g,none
29,2021-05-09,1,Ti,49.4879805743173,µg/g,none
29,2021-05-09,1,U,2.08090917730243,µg/g,none
29,2021-05-09,1,V,21.10639671173271,µg/g,none
30,2021-05-10,2,Ag,0.7170228452127339,µg/g,none
30,2021-05-10,2,As,36.58557896927869,µg/g,none
30,2021-05-10,2,Cd,5.834186753143815,µg/g,none
30,2021-05-10,2,Ce,237.30781706715453,µg/g,none
30,2021-05-10,2,Co,28.662332388414463,µg/g,none
30,2021-05-10,2,Sb,1.1960196518190314,µg/g,none
30,2021-05-10,2,Ti,104.457016013574,µg/g,none
30,2021-05-10,2,U,3.5064784211337168,µg/g,none
30,2021-05-10,2,V,25.570112443423124,µg/g,none
31,2021-05-09,3,Ag,0.4852534127030989,µg/g,none
31,2021-05-09,3,As,20.79225468571797,µg/g,none
31,2021-05-09,3,Cd,4.454532174031094,µg/g,none
31,2021-05-09,3,Ce,44.929647289484386,µg/g,none
31,2021-05-09,3,Co,11.24022216569758,µg/g,none
31,2021-05-09,3,Sb,2.2446200035477646,µg/g,none
31,2021-05-09,3,Ti,126.41195842532204,µg/g,none
31,2021-05-09,3,U,2.6315147104415972,µg/g,none
31,2021-05-09,3,V,25.806776392595378,µg/g,none
33,2021-05-19,1,Ag,1.2792982585381922,µg/g,none
33,2021-05-19,1,As,4.180470207212213,µg/g,none
33,2021-05-19,1,Cd,0.8300218760858996,µg/g,none
33,2021-05-19,1,Ce,7.022364091801753,µg/g,none
33,2021-05-19,1,Co,1.8848483259589843,µg/g,none
33,2021-05-19,1,Sb,2.235780865736221,µg/g,none
33,2021-05-19,1,Ti,44.90808315902952,µg/g,none
33,2021-05-19,1,U,0.7374334314299894,µg/g,none
33,2021-05-19,1,V,4.996005274541079,µg/g,none
34,2021-05-19,2,Ag,0.6521501449378574,µg/g,none
34,2021-05-19,2,As,15.730625853424858,µg/g,none
34,2021-05-19,2,Cd,2.4243625094537906,µg/g,none
34,2021-05-19,2,Ce,71.26143154009698,µg/g,none
34,2021-05-19,2,Co,13.233754657764155,µg/g,none
34,2021-05-19,2,Sb,1.7936539257395374,µg/g,none
34,2021-05-19,2,Ti,96.6464011681334,µg/g,none
34,2021-05-19,2,U,1.8407660024882817,µg/g,none
34,2021-05-19,2,V,17.57827441411281,µg/g,none
35,2021-05-19,3,Ag,0.7339484207275155,µg/g,none
35,2021-05-19,3,As,9.633159023501872,µg/g,none
35,2021-05-19,3,Cd,2.51207506942604,µg/g,none
35,2021-05-19,3,Ce,23.721702096451747,µg/g,none
35,2021-05-19,3,Co,5.993842927913858,µg/g,none
35,2021-05-19,3,Sb,2.1020215076761004,µg/g,none
35,2021-05-19,3,Ti,68.16841543581701,µg/g,none
35,2021-05-19,3,U,1.9213419248575925,µg/g,none
35,2021-05-19,3,V,11.111786464767444,µg/g,none
37,2021-05-26,1,Ag,0.7492154399601922,µg/g,none
37,2021-05-26,1,As,12.55025116539077,µg/g,none
37,2021-05-26,1,Cd,2.19015402047668,µg/g,none
37,2021-05-26,1,Ce,31.23118616517319,µg/g,none
37,2021-05-26,1,Co,4.3849360641756885,µg/g,none
37,2021-05-26,1,Sb,2.2222061410836584,µg/g,none
37,2021-05-26,1,Ti,30.059796842837383,µg/g,none
37,2021-05-26,1,U,3.0456975018081573,µg/g,none
37,2021-05-26,1,V,13.287332544268804,µg/g,none
38,2021-05-26,2,Ag,0.5306522139436378,µg/g,none
38,2021-05-26,2,As,15.393859110413157,µg/g,none
38,2021-05-26,2,Cd,2.5240565956685095,µg/g,none
38,2021-05-26,2,Ce,70.82153079250475,µg/g,none
38,2021-05-26,2,Co,11.71242800086848,µg/g,none
38,2021-05-26,2,Sb,1.7552039141187397,µg/g,none
38,2021-05-26,2,Ti,67.59631851173499,µg/g,none
38,2021-05-26,2,U,1.854683279348046,µg/g,none
38,2021-05-26,2,V,17.257981243680653,µg/g,none
39,2021-05-26,3,Ag,0.4276571968482248,µg/g,none
39,2021-05-26,3,As,16.93093726655407,µg/g,none
39,2021-05-26,3,Cd,3.1499826504557538,µg/g,none
39,2021-05-26,3,Ce,28.183253095215573,µg/g,none
39,2021-05-26,3,Co,7.721480887341087,µg/g,none
39,2021-05-26,3,Sb,2.5926590207263502,µg/g,none
39,2021-05-26,3,Ti,67.81688981021011,µg/g,none
39,2021-05-26,3,U,2.527771555094566,µg/g,none
39,2021-05-26,3,V,13.689616290944524,µg/g,none
41,2021-06-02,1,Ag,0.4521190242710921,µg/g,none
41,2021-06-02,1,As,26.59317307426704,µg/g,none
41,2021-06-02,1,Cd,2.5610793903357907,µg/g,none
41,2021-06-02,1,Ce,49.31046454426941,µg/g,none
41,2021-06-02,1,Co,7.975980153080488,µg/g,none
41,2021-06-02,1,Sb,2.6976258739842915,µg/g,none
41,2021-06-02,1,Ti,66.37178008173558,µg/g,none
41,2021-06-02,1,U,5.043683596652343,µg/g,none
41,2021-06-02,1,V,28.547127727639097,µg/g,none
42,2021-06-02,2,Ag,1.530906371610205,µg/g,none
42,2021-06-02,2,As,19.78843381022567,µg/g,none
42,2021-06-02,2,Cd,2.5182962039948684,µg/g,none
42,2021-06-02,2,Ce,105.8670050040674,µg/g,none
42,2021-06-02,2,Co,12.99678351075067,µg/g,none
42,2021-06-02,2,Sb,0.6531678641410842,µg/g,left
42,2021-06-02,2,Ti,114.74665533301297,µg/g,none
42,2021-06-02,2,U,2.941598124205181,µg/g,none
42,2021-06-02,2,V,12.443934280992822,µg/g,none
43,2021-06-02,3,Ag,0.6736731846382144,µg/g,none
43,2021-06-02,3,As,20.88997050700202,µg/g,none
43,2021-06-02,3,Cd,4.523361645013005,µg/g,none
43,2021-06-02,3,Ce,38.44751744897805,µg/g,none
43,2021-06-02,3,Co,12.35629683342683,µg/g,none
43,2021-06-02,3,Sb,2.6686464172250166,µg/g,none
43,2021-06-02,3,Ti,96.53369895034284,µg/g,none
43,2021-06-02,3,U,2.9942000959956525,µg/g,none
43,2021-06-02,3,V,30.474567175426973,µg/g,none
45,2021-06-09,1,Ag,1.1078544365752272,µg/g,none
45,2021-06-09,1,As,3.70991211525936,µg/g,none
45,2021-06-09,1,Cd,0.5903572763597206,µg/g,none
45,2021-06-09,1,Ce,7.554728815284274,µg/g,none
45,2021-06-09,1,Co,1.25502586014821,µg/g,none
45,2021-06-09,1,Sb,0.16366612111292964,µg/g,left
45,2021-06-09,1,Ti,9.717653695893034,µg/g,none
45,2021-06-09,1,U,0.9028873890626328,µg/g,none
45,2021-06-09,1,V,3.3340220610291498,µg/g,none
46,2021-06-09,2,Ag,0.37364945544340783,µg/g,none
46,2021-06-09,2,As,3.661616762462554,µg/g,none
46,2021-06-09,2,Cd,0.36176990608902687,µg/g,none
46,2021-06-09,2,Ce,10.755873293328166,µg/g,none
46,2021-06-09,2,Co,2.503673992846202,µg/g,none
46,2021-06-09,2,Sb,0.090719404880704,µg/g,left
46,2021-06-09,2,Ti,15.044549132499611,µg/g,none
46,2021-06-09,2,U,0.35558614106382325,µg/g,none
46,2021-06-09,2,V,2.620765224034942,µg/g,none
47,2021-06-09,3,Ag,0.8445765056544681,µg/g,none
47,2021-06-09,3,As,3.128315013963068,µg/g,none
47,2021-06-09,3,Cd,0.6685879159321246,µg/g,none
47,2021-06-09,3,Ce,5.872416182249663,µg/g,none
47,2021-06-09,3,Co,1.935345464636473,µg/g,none
47,2021-06-09,3,Sb,0.1096010521701008,µg/g,left
47,2021-06-09,3,Ti,22.997369265030603,µg/g,none
47,2021-06-09,3,U,0.6171197357618516,µg/g,none
47,2021-06-09,3,V,2.9691997451936274,µg/g,none
49,2021-06-16,1,Ag,0.6435783303284689,µg/g,none
49,2021-06-16,1,As,2.2907761630388412,µg/g,none
49,2021-06-16,1,Cd,0.04446420631391731,µg/g,left
49,2021-06-16,1,Ce,5.213592503552929,µg/g,none
49,2021-06-16,1,Co,309.18263064319257,µg/g,none
49,2021-06-16,1,Sb,0.22232103156958652,µg/g,left
49,2021-06-16,1,Ti,9.989100147225958,µg/g,none
49,2021-06-16,1,U,0.5938879148845915,µg/g,none
49,2021-06-16,1,V,2.4168058490489215,µg/g,none
50,2021-06-16,2,Ag,0.1003009027081244,µg/g,left
50,2021-06-16,2,As,4.246949695487144,µg/g,none
50,2021-06-16,2,Cd,0.1003009027081244,µg/g,left
50,2021-06-16,2,Ce,26.389985575830387,µg/g,none
50,2021-06-16,2,Co,2.555225267019882,µg/g,none
50,2021-06-16,2,Sb,0.5015045135406219,µg/g,left
50,2021-06-16,2,Ti,31.991821001039032,µg/g,none
50,2021-06-16,2,U,0.1003009027081244,µg/g,left
50,2021-06-16,2,V,2.7331967479401467,µg/g,none
51,2021-06-16,3,Ag,1.121367060156655,µg/g,none
51,2021-06-16,3,As,4.4387471727105465,µg/g,none
51,2021-06-16,3,Cd,0.7443610421598712,µg/g,none
51,2021-06-16,3,Ce,7.140255181883783,µg/g,none
51,2021-06-16,3,Co,2.380647766651582,µg/g,none
51,2021-06-16,3,Sb,1.118070909724783,µg/g,none
51,2021-06-16,3,Ti,29.722206596287126,µg/g,none
51,2021-06-16,3,U,0.706217200452843,µg/g,none
51,2021-06-16,3,V,4.352752035977064,µg/g,none
53,2021-06-23,1,Ag,0.851378488501144,µg/g,none
53,2021-06-23,1,As,3.822653648875328,µg/g,none
53,2021-06-23,1,Cd,0.4507127946808351,µg/g,none
53,2021-06-23,1,Ce,8.038617689417029,µg/g,none
53,2021-06-23,1,Co,1.4703168562809057,µg/g,none
53,2021-06-23,1,Sb,0.11803588290840418,µg/g,left
53,2021-06-23,1,Ti,17.786559064668875,µg/g,none
53,2021-06-23,1,U,0.7181699400395761,µg/g,none
53,2021-06-23,1,V,4.070909716095665,µg/g,none
54,2021-06-23,2,Ag,0.77460673614611,µg/g,none
54,2021-06-23,2,As,4.2154078322735025,µg/g,none
54,2021-06-23,2,Cd,0.5265419077255319,µg/g,none
54,2021-06-23,2,Ce,18.946576545611773,µg/g,none
54,2021-06-23,2,Co,2.837835220836047,µg/g,none
54,2021-06-23,2,Sb,0.08418925745074929,µg/g,left
54,2021-06-23,2,Ti,22.501657965864645,µg/g,none
54,2021-06-23,2,U,0.5339813418532078,µg/g,none
54,2021-06-23,2,V,4.340716412992172,µg/g,none
55,2021-06-23,3,Ag,2.324407470763938,µg/g,none
55,2021-06-23,3,As,3.7515205341142783,µg/g,none
55,2021-06-23,3,Cd,0.7185420719205274,µg/g,none
55,2021-06-23,3,Ce,6.319877280176475,µg/g,none
55,2021-06-23,3,Co,1.960609860131383,µg/g,none
55,2021-06-23,3,Sb,0.1049648367796788,µg/g,left
55,2021-06-23,3,Ti,28.44947492777391,µg/g,none
55,2021-06-23,3,U,0.7512244392097188,µg/g,none
55,2021-06-23,3,V,3.401475245271227,µg/g,none
57,2021-07-07,1,Ag,1.6807219639486135,µg/g,none
57,2021-07-07,1,As,2.937824156969316,µg/g,none
57,2021-07-07,1,Cd,0.07029876977152902,µg/g,left
57,2021-07-07,1,Ce,6.451862323081406,µg/g,none
57,2021-07-07,1,Co,1.2017797425665946,µg/g,none
57,2021-07-07,1,Sb,0.35149384885764506,µg/g,left
57,2021-07-07,1,Ti,17.69797747876293,µg/g,none
57,2021-07-07,1,U,0.07029876977152902,µg/g,left
57,2021-07-07,1,V,2.988788702417073,µg/g,none
58,2021-07-07,2,Ag,0.9249627017100964,µg/g,none
58,2021-07-07,2,As,5.184986668723524,µg/g,none
58,2021-07-07,2,Cd,0.6253260830345923,µg/g,none
58,2021-07-07,2,Ce,22.4397250970622,µg/g,none
58,2021-07-07,2,Co,3.1843753373224204,µg/g,none
58,2021-07-07,2,Sb,0.08352125615969265,µg/g,left
58,2021-07-07,2,Ti,22.585234766032933,µg/g,none
58,2021-07-07,2,U,0.579568570208025,µg/g,none
58,2021-07-07,2,V,4.505321386162494,µg/g,none
59,2021-07-07,3,Ag,0.8851007596962639,µg/g,none
59,2021-07-07,3,As,4.622970409845898,µg/g,none
59,2021-07-07,3,Cd,0.6481055551756375,µg/g,none
59,2021-07-07,3,Ce,8.452854987864463,µg/g,none
59,2021-07-07,3,Co,2.895144771860251,µg/g,none
59,2021-07-07,3,Sb,0.11065619121389844,µg/g,left
59,2021-07-07,3,Ti,39.86777518914917,µg/g,none
59,2021-07-07,3,U,0.6933838717328916,µg/g,none
59,2021-07-07,3,V,4.859211060147421,µg/g,none
61,2021-07-14,1,Ag,1.1991091993532113,µg/g,none
61,2021-07-14,1,As,2.8912540837742897,µg/g,none
61,2021-07-14,1,Cd,0.5245467704695235,µg/g,none
61,2021-07-14,1,Ce,7.796324968102611,µg/g,none
61,2021-07-14,1,Co,1.2367104690736102,µg/g,none
61,2021-07-14,1,Sb,1.2099656318187415,µg/g,none
61,2021-07-14,1,Ti,14.751287525942702,µg/g,none
61,2021-07-14,1,U,0.4058098534944375,µg/g,none
61,2021-07-14,1,V,3.2445527502002465,µg/g,none
62,2021-07-14,2,Ag,0.7360318654573222,µg/g,none
62,2021-07-14,2,As,2.872480024945677,µg/g,none
62,2021-07-14,2,Cd,0.5326668416372787,µg/g,none
62,2021-07-14,2,Ce,13.360712380613132,µg/g,none
62,2021-07-14,2,Co,2.6995432741438776,µg/g,none
62,2021-07-14,2,Sb,0.09357162908206232,µg/g,left
62,2021-07-14,2,Ti,15.55978150822144,µg/g,none
62,2021-07-14,2,U,0.5877943025998914,µg/g,none
62,2021-07-14,2,V,3.9471868792226537,µg/g,none
63,2021-07-14,3,Ag,1.0647593060901115,µg/g,none
63,2021-07-14,3,As,5.32062779012584,µg/g,none
63,2021-07-14,3,Cd,0.6865341826974919,µg/g,none
63,2021-07-14,3,Ce,10.330332724255577,µg/g,none
63,2021-07-14,3,Co,3.0310148802450194,µg/g,none
63,2021-07-14,3,Sb,0.10720411663807893,µg/g,left
63,2021-07-14,3,Ti,39.08001322567997,µg/g,none
63,2021-07-14,3,U,1.0494378327203646,µg/g,none
63,2021-07-14,3,V,5.64466450303069,µg/g,none
65,2021-07-21,1,Ag,1.1815159081636692,µg/g,none
65,2021-07-21,1,As,3.114515291415089,µg/g,none
65,2021-07-21,1,Cd,0.5475346782875328,µg/g,none
65,2021-07-21,1,Ce,7.19986675164791,µg/g,none
65,2021-07-21,1,Co,1.2083319014272464,µg/g,none
65,2021-07-21,1,Sb,0.11101243339253997,µg/g,left
65,2021-07-21,1,Ti,15.523193739566471,µg/g,none
65,2021-07-21,1,U,0.39591654776292495,µg/g,none
65,2021-07-21,1,V,3.4883634188561423,µg/g,none
66,2021-07-21,2,Ag,1.0211489851231768,µg/g,none
66,2021-07-21,2,As,4.872663077950068,µg/g,none
66,2021-07-21,2,Cd,0.8068864097240599,µg/g,none
66,2021-07-21,2,Ce,9.482344473783654,µg/g,none
66,2021-07-21,2,Co,2.765855322215368,µg/g,none
66,2021-07-21,2,Sb,0.11416828405069072,µg/g,left
66,2021-07-21,2,Ti,30.35896348008896,µg/g,none
66,2021-07-21,2,U,0.7802047648220107,µg/g,none
66,2021-07-21,2,V,5.273805519211699,µg/g,none
67,2021-07-21,3,Ag,1.123845619549819,µg/g,none
67,2021-07-21,3,As,5.53686267127841,µg/g,none
67,2021-07-21,3,Cd,0.8462202004940979,µg/g,none
67,2021-07-21,3,Ce,10.29797496189976,µg/g,none
67,2021-07-21,3,Co,2.863709258127567,µg/g,none
67,2021-07-21,3,Sb,0.10350895352447988,µg/g,left
67,2021-07-21,3,Ti,32.20789868909286,µg/g,none
67,2021-07-21,3,U,1.1308621155620406,µg/g,none
67,2021-07-21,3,V,5.838555559456966,µg/g,none
69,2021-07-28,1,Ag,1.034612780900822,µg/g,none
69,2021-07-28,1,As,4.680768297918399,µg/g,none
69,2021-07-28,1,Cd,0.5065896158289749,µg/g,none
69,2021-07-28,1,Ce,6.56173057800348,µg/g,none
69,2021-07-28,1,Co,1.213954803526253,µg/g,none
69,2021-07-28,1,Sb,0.09168423947923351,µg/g,left
69,2021-07-28,1,Ti,21.14351263186109,µg/g,none
69,2021-07-28,1,U,0.3971732868916608,µg/g,none
69,2021-07-28,1,V,3.40963883348823,µg/g,none
70,2021-07-28,2,Ag,0.5589417695501052,µg/g,none
70,2021-07-28,2,As,1.8706344965891464,µg/g,none
70,2021-07-28,2,Cd,0.37807322633870594,µg/g,none
70,2021-07-28,2,Ce,6.739404658911427,µg/g,none
70,2021-07-28,2,Co,1.2237112198179865,µg/g,none
70,2021-07-28,2,Sb,0.11106175033318526,µg/g,left
70,2021-07-28,2,Ti,9.217790531187497,µg/g,none
70,2021-07-28,2,U,0.5513142149589727,µg/g,none
70,2021-07-28,2,V,2.1545216430294474,µg/g,none
71,2021-07-28,3,Ag,1.0943840160869869,µg/g,none
71,2021-07-28,3,As,5.538186329072249,µg/g,none
71,2021-07-28,3,Cd,0.877147102758348,µg/g,none
71,2021-07-28,3,Ce,9.905335081076776,µg/g,none
71,2021-07-28,3,Co,2.76653748516343,µg/g,none
71,2021-07-28,3,Sb,0.10201999591920018,µg/g,left
71,2021-07-28,3,Ti,33.14527267746872,µg/g,none
71,2021-07-28,3,U,1.0218519758184412,µg/g,none
71,2021-07-28,3,V,5.630699660459553,µg/g,none
77,2021-08-11,1,Ag,0.8943579004438301,µg/g,none
77,2021-08-11,1,As,5.898093026407585,µg/g,none
77,2021-08-11,1,Cd,0.4920883355031748,µg/g,none
77,2021-08-11,1,Ce,9.331960933624948,µg/g,none
77,2021-08-11,1,Co,1.1923893768866494,µg/g,none
77,2021-08-11,1,Sb,0.09671179883945842,µg/g,left
77,2021-08-11,1,Ti,20.08897238497068,µg/g,none
77,2021-08-11,1,U,0.6371510587149318,µg/g,none
77,2021-08-11,1,V,4.3140674077119145,µg/g,none
78,2021-08-11,2,Ag,0.7249316558307206,µg/g,none
78,2021-08-11,2,As,10.105041767244671,µg/g,none
78,2021-08-11,2,Cd,0.5831526717923727,µg/g,none
78,2021-08-11,2,Ce,19.45342691927944,µg/g,none
78,2021-08-11,2,Co,2.6190986319316387,µg/g,none
78,2021-08-11,2,Sb,0.12390038409119068,µg/g,left
78,2021-08-11,2,Ti,17.94500959563695,µg/g,none
78,2021-08-11,2,U,0.7724281718632497,µg/g,none
78,2021-08-11,2,V,2.8465444503950046,µg/g,none
79,2021-08-11,3,Ag,0.6548035072154035,µg/g,none
79,2021-08-11,3,As,3.59408590069858,µg/g,none
79,2021-08-11,3,Cd,0.4845049999918072,µg/g,none
79,2021-08-11,3,Ce,12.088080151736303,µg/g,none
79,2021-08-11,3,Co,2.6076026906474,µg/g,none
79,2021-08-11,3,Sb,0.09032607713846988,µg/g,left
79,2021-08-11,3,Ti,25.711215756921195,µg/g,none
79,2021-08-11,3,U,0.5216239196222844,µg/g,none
79,2021-08-11,3,V,4.084498663931156,µg/g,none
81,2021-08-18,1,Ag,0.6524811228210023,µg/g,none
81,2021-08-18,1,As,4.373451540876221,µg/g,none
81,2021-08-18,1,Cd,0.5617229527418182,µg/g,none
81,2021-08-18,1,Ce,5.370541883922733,µg/g,none
81,2021-08-18,1,Co,0.9108031664110694,µg/g,none
81,2021-08-18,1,Sb,0.09456264775413711,µg/g,left
81,2021-08-18,1,Ti,16.316533573721713,µg/g,none
81,2021-08-18,1,U,4.514758502699356,µg/g,none
81,2021-08-18,1,V,3.3858940660337,µg/g,none
82,2021-08-18,2,Ag,1.1688616687042914,µg/g,none
82,2021-08-18,2,As,8.716304436556038,µg/g,none
82,2021-08-18,2,Cd,0.5482279666889899,µg/g,none
82,2021-08-18,2,Ce,17.408039087189536,µg/g,none
82,2021-08-18,2,Co,2.410178584538053,µg/g,none
82,2021-08-18,2,Sb,0.08563843452941682,µg/g,left
82,2021-08-18,2,Ti,17.236108234691212,µg/g,none
82,2021-08-18,2,U,0.4750197356836048,µg/g,none
82,2021-08-18,2,V,3.072792213078703,µg/g,none
83,2021-08-18,3,Ag,0.6792233670616875,µg/g,none
83,2021-08-18,3,As,3.527621789513403,µg/g,none
83,2021-08-18,3,Cd,0.5620918761809947,µg/g,none
83,2021-08-18,3,Ce,6.416557287568463,µg/g,none
83,2021-08-18,3,Co,1.8239072302489343,µg/g,none
83,2021-08-18,3,Sb,0.15890672175433024,µg/g,left
83,2021-08-18,3,Ti,21.433750451609914,µg/g,none
83,2021-08-18,3,U,0.7237668533967578,µg/g,none
83,2021-08-18,3,V,3.302642209085571,µg/g,none
85,2021-08-25,1,Ag,1.8475777428906224,µg/g,none
85,2021-08-25,1,As,5.033067814676615,µg/g,none
85,2021-08-25,1,Cd,0.5075814519599383,µg/g,none
85,2021-08-25,1,Ce,7.400120808254546,µg/g,none
85,2021-08-25,1,Co,1.250992331296126,µg/g,none
85,2021-08-25,1,Sb,1.026409362286093,µg/g,none
85,2021-08-25,1,Ti,28.495454019488395,µg/g,none
85,2021-08-25,1,U,2.125745436414146,µg/g,none
85,2021-08-25,1,V,4.354797209066998,µg/g,none
86,2021-08-25,2,Ag,0.8030843774665439,µg/g,none
86,2021-08-25,2,As,6.951214700947771,µg/g,none
86,2021-08-25,2,Cd,0.6373887609252183,µg/g,none
86,2021-08-25,2,Ce,24.375920810086384,µg/g,none
86,2021-08-25,2,Co,3.3024867572486385,µg/g,none
86,2021-08-25,2,Sb,0.08974243919949744,µg/g,left
86,2021-08-25,2,Ti,35.57442654337797,µg/g,none
86,2021-08-25,2,U,0.7616772085057433,µg/g,none
86,2021-08-25,2,V,4.668814006351652,µg/g,none
87,2021-08-25,3,Ag,0.7644083407072471,µg/g,none
87,2021-08-25,3,As,1.9203125297719823,µg/g,none
87,2021-08-25,3,Cd,0.40955055012294594,µg/g,none
87,2021-08-25,3,Ce,2.3626341760584975,µg/g,none
87,2021-08-25,3,Co,0.7215675861457027,µg/g,none
87,2021-08-25,3,Sb,0.1266624445851805,µg/g,left
87,2021-08-25,3,Ti,20.993776310745556,µg/g,none
87,2021-08-25,3,U,0.5153374610017827,µg/g,none
87,2021-08-25,3,V,2.023682180341083,µg/g,none
89,2021-08-30,2,Ag,0.7452763106627334,µg/g,none
89,2021-08-30,2,As,4.453372812919254,µg/g,none
89,2021-08-30,2,Cd,0.493323511961856,µg/g,none
89,2021-08-30,2,Ce,13.300354124733488,µg/g,none
89,2021-08-30,2,Co,2.3196482998536463,µg/g,none
89,2021-08-30,2,Sb,0.09847365829640572,µg/g,left
89,2021-08-30,2,Ti,24.678075799394257,µg/g,none
89,2021-08-30,2,U,0.5142437892868371,µg/g,none
89,2021-08-30,2,V,3.2717026924431982,µg/g,none
90,2021-08-30,1,Ag,0.8813633645960085,µg/g,none
90,2021-08-30,1,As,4.1341611767489015,µg/g,none
90,2021-08-30,1,Cd,0.4630332351027468,µg/g,none
90,2021-08-30,1,Ce,6.222088737693772,µg/g,none
90,2021-08-30,1,Co,0.9262627158099648,µg/g,none
90,2021-08-30,1,Sb,0.1057194206575748,µg/g,left
90,2021-08-30,1,Ti,16.195257745785526,µg/g,none
90,2021-08-30,1,U,0.48719118882253026,µg/g,none
90,2021-08-30,1,V,2.985746540835754,µg/g,none
92,2021-09-07,3,Ag,1.087214372898292,µg/g,none
92,2021-09-07,3,As,6.17727085902924,µg/g,none
92,2021-09-07,3,Cd,0.8680428345100885,µg/g,none
92,2021-09-07,3,Ce,9.395569069251351,µg/g,none
92,2021-09-07,3,Co,2.7786350840774574,µg/g,none
92,2021-09-07,3,Sb,0.09855129594954176,µg/g,left
92,2021-09-07,3,Ti,53.968757236333026,µg/g,none
92,2021-09-07,3,U,0.8202269963535715,µg/g,none
92,2021-09-07,3,V,5.507547333505742,µg/g,none
94,2021-09-15,2,Ag,0.8869155757721122,µg/g,none
94,2021-09-15,2,As,4.79126082780932,µg/g,none
94,2021-09-15,2,Cd,0.8489744084441586,µg/g,none
94,2021-09-15,2,Ce,44.72348391007516,µg/g,none
94,2021-09-15,2,Co,4.805476083842518,µg/g,none
94,2021-09-15,2,Sb,0.09641342074816817,µg/g,left
94,2021-09-15,2,Ti,30.05915485098895,µg/g,none
94,2021-09-15,2,U,1.485336644714122,µg/g,none
94,2021-09-15,2,V,3.5951277795269068,µg/g,none
95,2021-09-15,1,Ag,0.730993920528491,µg/g,none
95,2021-09-15,1,As,6.38771926259263,µg/g,none
95,2021-09-15,1,Cd,0.4600715450956131,µg/g,none
95,2021-09-15,1,Ce,10.664918415689437,µg/g,none
95,2021-09-15,1,Co,1.0712039847800774,µg/g,none
95,2021-09-15,1,Sb,0.08491847826086957,µg/g,left
95,2021-09-15,1,Ti,23.430154374057235,µg/g,none
95,2021-09-15,1,U,0.4743927847875168,µg/g,none
95,2021-09-15,1,V,5.005594681654046,µg/g,none
96,2021-09-15,3,Ag,1.2335416315184813,µg/g,none
96,2021-09-15,3,As,6.010399878411353,µg/g,none
96,2021-09-15,3,Cd,0.979993372782236,µg/g,none
96,2021-09-15,3,Ce,9.752026307941817,µg/g,none
96,2021-09-15,3,Co,2.744772584589983,µg/g,none
96,2021-09-15,3,Sb,0.09957184108334163,µg/g,left
96,2021-09-15,3,Ti,48.8267299525691,µg/g,none
96,2021-09-15,3,U,0.8499243858269625,µg/g,none
96,2021-09-15,3,V,5.579104243940132,µg/g,none
98,2021-09-22,2,Ag,0.7877358207543094,µg/g,none
98,2021-09-22,2,As,2.3630840269758195,µg/g,none
98,2021-09-22,2,Cd,0.4560209357888785,µg/g,none
98,2021-09-22,2,Ce,13.790940940031394,µg/g,none
98,2021-09-22,2,Co,2.266761392362593,µg/g,none
98,2021-09-22,2,Sb,0.09656237929702588,µg/g,left
98,2021-09-22,2,Ti,17.089523570855327,µg/g,none
98,2021-09-22,2,U,0.4947096377141125,µg/g,none
98,2021-09-22,2,V,2.393972920452867,µg/g,none
99,2021-09-22,1,Ag,1.351768711360696,µg/g,none
99,2021-09-22,1,As,4.361522019459163,µg/g,none
99,2021-09-22,1,Cd,0.4286065238033464,µg/g,none
99,2021-09-22,1,Ce,6.1521641169668895,µg/g,none
99,2021-09-22,1,Co,0.8253049548871046,µg/g,none
99,2021-09-22,1,Sb,0.09169264624977078,µg/g,left
99,2021-09-22,1,Ti,16.50601745319592,µg/g,none
99,2021-09-22,1,U,0.459351877638007,µg/g,none
99,2021-09-22,1,V,2.9948123995009075,µg/g,none
100,2021-09-22,3,Ag,1.4764075083455288,µg/g,none
100,2021-09-22,3,As,6.7961793890969755,µg/g,none
100,2021-09-22,3,Cd,1.1427160694114291,µg/g,none
100,2021-09-22,3,Ce,9.044762880967198,µg/g,none
100,2021-09-22,3,Co,2.5764590224434514,µg/g,none
100,2021-09-22,3,Sb,1.1299648872616983,µg/g,none
100,2021-09-22,3,Ti,47.79832234998185,µg/g,none
100,2021-09-22,3,U,0.9703181906504312,µg/g,none
100,2021-09-22,3,V,5.313951657073058,µg/g,none
102,2021-09-29,2,Ag,0.746493019962477,µg/g,none
102,2021-09-29,2,As,7.900941740500272,µg/g,none
102,2021-09-29,2,Cd,0.6295257702824303,µg/g,none
102,2021-09-29,2,Ce,36.716361532351016,µg/g,none
102,2021-09-29,2,Co,5.074446643110504,µg/g,none
102,2021-09-29,2,Sb,1.0202329572878934,µg/g,none
102,2021-09-29,2,Ti,96.059150704705,µg/g,none
102,2021-09-29,2,U,0.6255327735758228,µg/g,none
102,2021-09-29,2,V,10.806058986759243,µg/g,none
103,2021-09-29,1,Ag,0.8762529930618296,µg/g,none
103,2021-09-29,1,As,6.949677643174342,µg/g,none
103,2021-09-29,1,Cd,0.4341214875811991,µg/g,none
103,2021-09-29,1,Ce,10.367331475965951,µg/g,none
103,2021-09-29,1,Co,1.8898480996954736,µg/g,none
103,2021-09-29,1,Sb,0.09826078412105728,µg/g,left
103,2021-09-29,1,Ti,59.563757241420895,µg/g,none
103,2021-09-29,1,U,0.9498028163823654,µg/g,none
103,2021-09-29,1,V,7.193172347058288,µg/g,none
104,2021-09-29,3,Ag,1.1188521611618076,µg/g,none
104,2021-09-29,3,As,6.780465038257587,µg/g,none
104,2021-09-29,3,Cd,0.966311795285811,µg/g,none
104,2021-09-29,3,Ce,9.67625582073136,µg/g,none
104,2021-09-29,3,Co,2.658991741253127,µg/g,none
104,2021-09-29,3,Sb,0.0972951936174353,µg/g,left
104,2021-09-29,3,Ti,45.151664904621306,µg/g,none
104,2021-09-29,3,U,0.8488115711514888,µg/g,none
104,2021-09-29,3,V,5.488359164966707,µg/g,none
106,2021-10-06,2,Ag,0.5996450630441389,µg/g,none
106,2021-10-06,2,As,2.410781298574922,µg/g,none
106,2021-10-06,2,Cd,0.4618325627638201,µg/g,none
106,2021-10-06,2,Ce,20.71215547047624,µg/g,none
106,2021-10-06,2,Co,1.6998036055600312,µg/g,none
106,2021-10-06,2,Sb,0.090711175616836,µg/g,left
106,2021-10-06,2,Ti,9.967301777827808,µg/g,none
106,2021-10-06,2,U,0.501893440855571,µg/g,none
106,2021-10-06,2,V,1.7338977714305892,µg/g,none
107,2021-10-06,1,Ag,0.9703817260395988,µg/g,none
107,2021-10-06,1,As,5.398992858196905,µg/g,none
107,2021-10-06,1,Cd,0.5322801655935349,µg/g,none
107,2021-10-06,1,Ce,7.640649038551594,µg/g,none
107,2021-10-06,1,Co,0.956906232411359,µg/g,none
107,2021-10-06,1,Sb,0.0989021857383048,µg/g,left
107,2021-10-06,1,Ti,16.291042436463687,µg/g,none
107,2021-10-06,1,U,0.9626269534791628,µg/g,none
107,2021-10-06,1,V,3.840738578681445,µg/g,none
108,2021-10-06,3,Ag,1.2303706122423297,µg/g,none
108,2021-10-06,3,As,7.468501978074619,µg/g,none
108,2021-10-06,3,Cd,1.1250253023432215,µg/g,none
108,2021-10-06,3,Ce,10.916131612429384,µg/g,none
108,2021-10-06,3,Co,3.256185597194081,µg/g,none
108,2021-10-06,3,Sb,0.09121590805436468,µg/g,left
108,2021-10-06,3,Ti,46.71633741136131,µg/g,none
108,2021-10-06,3,U,0.8250202018620156,µg/g,none
108,2021-10-06,3,V,6.349802798229243,µg/g,none
110,2021-10-13,2,Ag,1.2914578732387498,µg/g,none
110,2021-10-13,2,As,2.815075305699863,µg/g,none
110,2021-10-13,2,Cd,0.5928347174222627,µg/g,none
110,2021-10-13,2,Ce,14.30862733340889,µg/g,none
110,2021-10-13,2,Co,2.455148844450908,µg/g,none
110,2021-10-13,2,Sb,0.091424392027793,µg/g,left
110,2021-10-13,2,Ti,11.604866327751663,µg/g,none
110,2021-10-13,2,U,0.6292352103870635,µg/g,none
110,2021-10-13,2,V,2.3713634721705095,µg/g,none
111,2021-10-13,1,Ag,1.216435302313262,µg/g,none
111,2021-10-13,1,As,4.6828122573197595,µg/g,none
111,2021-10-13,1,Cd,0.49969030050343777,µg/g,none
111,2021-10-13,1,Ce,6.407028330364826,µg/g,none
111,2021-10-13,1,Co,1.0444809560620558,µg/g,none
111,2021-10-13,1,Sb,0.0876577840112202,µg/g,left
111,2021-10-13,1,Ti,14.582382190522084,µg/g,none
111,2021-10-13,1,U,1.5037384044399853,µg/g,none
111,2021-10-13,1,V,3.3832004424145197,µg/g,none
112,2021-10-13,3,Ag,1.0852447573385102,µg/g,none
112,2021-10-13,3,As,6.623243275279232,µg/g,none
112,2021-10-13,3,Cd,1.025794459652096,µg/g,none
112,2021-10-13,3,Ce,9.460386431162668,µg/g,none
112,2021-10-13,3,Co,2.5820413549062584,µg/g,none
112,2021-10-13,3,Sb,0.10670081092616304,µg/g,left
112,2021-10-13,3,Ti,44.11652181317943,µg/g,none
112,2021-10-13,3,U,1.7180398420014924,µg/g,none
112,2021-10-13,3,V,5.034564172009782,µg/g,none
114,2021-10-20,2,Ag,0.7866547787124468,µg/g,none
114,2021-10-20,2,As,2.828489690950573,µg/g,none
114,2021-10-20,2,Cd,0.5155622666860565,µg/g,none
114,2021-10-20,2,Ce,14.204498096940664,µg/g,none
114,2021-10-20,2,Co,1.9658170537891315,µg/g,none
114,2021-10-20,2,Sb,1.0083628214575433,µg/g,none
114,2021-10-20,2,Ti,13.671065621679183,µg/g,none
114,2021-10-20,2,U,0.5859046560512999,µg/g,none
114,2021-10-20,2,V,2.48208888550612,µg/g,none
115,2021-10-20,1,Ag,1.409939663228769,µg/g,none
115,2021-10-20,1,As,4.492004548881273,µg/g,none
115,2021-10-20,1,Cd,0.603038037255605,µg/g,none
115,2021-10-20,1,Ce,5.5542839612454324,µg/g,none
115,2021-10-20,1,Co,1.1702866482838046,µg/g,none
115,2021-10-20,1,Sb,0.0991375037176564,µg/g,left
115,2021-10-20,1,Ti,13.539695676206362,µg/g,none
115,2021-10-20,1,U,0.8430081180452795,µg/g,none
115,2021-10-20,1,V,3.5161497445122856,µg/g,none
116,2021-10-20,3,Ag,1.257448907544528,µg/g,none
116,2021-10-20,3,As,7.001218362812011,µg/g,none
116,2021-10-20,3,Cd,1.1993100444452005,µg/g,none
116,2021-10-20,3,Ce,8.740567612701117,µg/g,none
116,2021-10-20,3,Co,2.595848004794402,µg/g,none
116,2021-10-20,3,Sb,0.09629272989889263,µg/g,left
116,2021-10-20,3,Ti,43.50552291944722,µg/g,none
116,2021-10-20,3,U,1.052452324226612,µg/g,none
116,2021-10-20,3,V,5.249470007356892,µg/g,none
118,2021-10-27,2,Ag,0.762099514408834,µg/g,none
118,2021-10-27,2,As,2.8209727503848328,µg/g,none
118,2021-10-27,2,Cd,0.4922930778891514,µg/g,none
118,2021-10-27,2,Ce,19.969925422266968,µg/g,none
118,2021-10-27,2,Co,2.121779920000526,µg/g,none
118,2021-10-27,2,Sb,0.09815469179426778,µg/g,left
118,2021-10-27,2,Ti,15.365073102874115,µg/g,none
118,2021-10-27,2,U,0.4878554559612159,µg/g,none
118,2021-10-27,2,V,2.4933107027781007,µg/g,none
119,2021-10-27,1,Ag,1.2202912294160562,µg/g,none
119,2021-10-27,1,As,4.512600632684842,µg/g,none
119,2021-10-27,1,Cd,0.5107576295576732,µg/g,none
119,2021-10-27,1,Ce,5.533692112248654,µg/g,none
119,2021-10-27,1,Co,1.1753721349545747,µg/g,none
119,2021-10-27,1,Sb,0.10716964955524597,µg/g,left
119,2021-10-27,1,Ti,11.996644276373765,µg/g,none
119,2021-10-27,1,U,0.6539210520522001,µg/g,none
119,2021-10-27,1,V,3.1939630764099856,µg/g,none
120,2021-10-27,3,Ag,1.4977697776426964,µg/g,none
120,2021-10-27,3,As,7.67830021730292,µg/g,none
120,2021-10-27,3,Cd,1.403068425587637,µg/g,none
120,2021-10-27,3,Ce,9.865002802326025,µg/g,none
120,2021-10-27,3,Co,2.9958758151150944,µg/g,none
120,2021-10-27,3,Sb,0.10128633647320975,µg/g,left
120,2021-10-27,3,Ti,47.07827711248415,µg/g,none
120,2021-10-27,3,U,1.095920988298647,µg/g,none
120,2021-10-27,3,V,5.98734014533157,µg/g,none
122,2021-11-10,2,Ag,0.8955705633364668,µg/g,none
122,2021-11-10,2,As,2.68263422236745,µg/g,none
122,2021-11-10,2,Cd,0.5494369277625893,µg/g,none
122,2021-11-10,2,Ce,23.25359122097837,µg/g,none
122,2021-11-10,2,Co,2.0779281983405165,µg/g,none
122,2021-11-10,2,Sb,0.1023227258774174,µg/g,left
122,2021-11-10,2,Ti,10.07851072541374,µg/g,none
122,2021-11-10,2,U,0.5746141709141553,µg/g,none
122,2021-11-10,2,V,1.8045599517671127,µg/g,none
123,2021-11-10,1,Ag,1.032717667899977,µg/g,none
123,2021-11-10,1,As,5.149186058910852,µg/g,none
123,2021-11-10,1,Cd,0.6159877902166448,µg/g,none
123,2021-11-10,1,Ce,6.00645526053408,µg/g,none
123,2021-11-10,1,Co,1.0863138807985775,µg/g,none
123,2021-11-10,1,Sb,0.10210332856851131,µg/g,left
123,2021-11-10,1,Ti,13.50257810036744,µg/g,none
123,2021-11-10,1,U,1.1470865484995347,µg/g,none
123,2021-11-10,1,V,2.941069013170955,µg/g,none
124,2021-11-10,3,Ag,0.9956944834790654,µg/g,none
124,2021-11-10,3,As,5.580338510455943,µg/g,none
124,2021-11-10,3,Cd,0.9419665108709012,µg/g,none
124,2021-11-10,3,Ce,7.535801004076116,µg/g,none
124,2021-11-10,3,Co,2.119059780055368,µg/g,none
124,2021-11-10,3,Sb,1.03665991645226,µg/g,none
124,2021-11-10,3,Ti,27.414871911567193,µg/g,none
124,2021-11-10,3,U,0.8512765348026149,µg/g,none
124,2021-11-10,3,V,4.019368033610574,µg/g,none
126,2021-11-24,2,Ag,0.0377145012257213,µg/g,left
126,2021-11-24,2,As,13.561690085625552,µg/g,none
126,2021-11-24,2,Cd,2.110365315898226,µg/g,none
126,2021-11-24,2,Ce,166.704869497867,µg/g,none
126,2021-11-24,2,Co,6.4969283824132,µg/g,none
126,2021-11-24,2,Sb,0.1885725061286065,µg/g,left
126,2021-11-24,2,Ti,33.315993085051026,µg/g,none
126,2021-11-24,2,U,3.760704665422116,µg/g,none
126,2021-11-24,2,V,5.0920912714987825,µg/g,none
127,2021-11-24,1,Ag,0.5550517600241834,µg/g,none
127,2021-11-24,1,As,8.554356925979006,µg/g,none
127,2021-11-24,1,Cd,0.6313199905547247,µg/g,none
127,2021-11-24,1,Ce,24.439419371868325,µg/g,none
127,2021-11-24,1,Co,1.9833382681621128,µg/g,none
127,2021-11-24,1,Sb,0.19673421207948064,µg/g,left
127,2021-11-24,1,Ti,41.82980899916895,µg/g,none
127,2021-11-24,1,U,0.5033901617198318,µg/g,none
127,2021-11-24,1,V,7.004159662224768,µg/g,none
128,2021-11-24,3,Ag,0.04055150040551501,µg/g,left
128,2021-11-24,3,As,5.619310466751663,µg/g,none
128,2021-11-24,3,Cd,0.8320091962450847,µg/g,none
128,2021-11-24,3,Ce,11.70157636456537,µg/g,none
128,2021-11-24,3,Co,2.3508549051811385,µg/g,none
128,2021-11-24,3,Sb,0.20275750202757503,µg/g,left
128,2021-11-24,3,Ti,41.77018562482411,µg/g,none
128,2021-11-24,3,U,0.8387522516186997,µg/g,none
128,2021-11-24,3,V,5.068406451228441,µg/g,none
130,2021-12-08,2,Ag,0.5046523280315596,µg/g,none
130,2021-12-08,2,As,9.875633084456473,µg/g,none
130,2021-12-08,2,Cd,1.3281155267837337,µg/g,none
130,2021-12-08,2,Ce,121.93895442575604,µg/g,none
130,2021-12-08,2,Co,4.288238770273206,µg/g,none
130,2021-12-08,2,Sb,0.1841959845275373,µg/g,left
130,2021-12-08,2,Ti,33.19001992358001,µg/g,none
130,2021-12-08,2,U,2.3680056963073284,µg/g,none
130,2021-12-08,2,V,4.63878799611806,µg/g,none
131,2021-12-08,1,Ag,0.3904861127134105,µg/g,none
131,2021-12-08,1,As,9.082262577192052,µg/g,none
131,2021-12-08,1,Cd,0.3888030155928308,µg/g,none
131,2021-12-08,1,Ce,27.15011407155856,µg/g,none
131,2021-12-08,1,Co,1.8284998970913615,µg/g,none
131,2021-12-08,1,Sb,0.18779342723004697,µg/g,left
131,2021-12-08,1,Ti,54.54376741398779,µg/g,none
131,2021-12-08,1,U,0.4473563581158263,µg/g,none
131,2021-12-08,1,V,8.017232251553061,µg/g,none
132,2021-12-08,3,Ag,0.4380381079614174,µg/g,none
132,2021-12-08,3,As,5.075506896662342,µg/g,none
132,2021-12-08,3,Cd,0.7470394394945686,µg/g,none
132,2021-12-08,3,Ce,12.78410403111075,µg/g,none
132,2021-12-08,3,Co,2.506917796685882,µg/g,none
132,2021-12-08,3,Sb,0.19888623707239456,µg/g,left
132,2021-12-08,3,Ti,44.65831996445684,µg/g,none
132,2021-12-08,3,U,0.7257423866576151,µg/g,none
132,2021-12-08,3,V,5.3967655148087825,µg/g,none
134,2021-12-22,2,Ag,0.580367318231793,µg/g,none
134,2021-12-22,2,As,5.360930610032028,µg/g,none
134,2021-12-22,2,Cd,0.9647814713114032,µg/g,none
134,2021-12-22,2,Ce,52.6417708332771,µg/g,none
134,2021-12-22,2,Co,4.376772749313214,µg/g,none
134,2021-12-22,2,Sb,0.2035002035002035,µg/g,left
134,2021-12-22,2,Ti,37.03751204646748,µg/g,none
134,2021-12-22,2,U,0.871194008281932,µg/g,none
134,2021-12-22,2,V,4.5441621078239285,µg/g,none
135,2021-12-30,1,Ag,0.466767574457652,µg/g,none
135,2021-12-30,1,As,3.98666268634914,µg/g,none
135,2021-12-30,1,Cd,0.04013646397752359,µg/g,left
135,2021-12-30,1,Ce,10.754119223678352,µg/g,none
135,2021-12-30,1,Co,1.0129177760615524,µg/g,none
135,2021-12-30,1,Sb,0.2006823198876179,µg/g,left
135,2021-12-30,1,Ti,9.74345839926688,µg/g,none
135,2021-12-30,1,U,0.04013646397752359,µg/g,left
135,2021-12-30,1,V,2.6363572461139473,µg/g,none
137,2022-01-05,2,Ag,0.40039852568664813,µg/g,none
137,2022-01-05,2,As,3.9923747514579686,µg/g,none
137,2022-01-05,2,Cd,0.7126335535035071,µg/g,none
137,2022-01-05,2,Ce,33.077454142918945,µg/g,none
137,2022-01-05,2,Co,2.0955868447965154,µg/g,none
137,2022-01-05,2,Sb,0.19790223629527015,µg/g,left
137,2022-01-05,2,Ti,18.91885210267184,µg/g,none
137,2022-01-05,2,U,0.7567987401497975,µg/g,none
137,2022-01-05,2,V,3.213107316599091,µg/g,none
138,2022-01-05,1,Ag,0.5413873668896274,µg/g,none
138,2022-01-05,1,As,4.4541896314769245,µg/g,none
138,2022-01-05,1,Cd,0.4210616606159166,µg/g,none
138,2022-01-05,1,Ce,9.891150747198514,µg/g,none
138,2022-01-05,1,Co,0.8350463944830767,µg/g,none
138,2022-01-05,1,Sb,0.19716088328075712,µg/g,left
138,2022-01-05,1,Ti,9.84457454937771,µg/g,none
138,2022-01-05,1,U,0.03943217665615143,µg/g,left
138,2022-01-05,1,V,3.1409129451457525,µg/g,none
139,2022-01-05,3,Ag,0.7105846068155272,µg/g,none
139,2022-01-05,3,As,4.190709930762859,µg/g,none
139,2022-01-05,3,Cd,0.8095913241345442,µg/g,none
139,2022-01-05,3,Ce,8.172238702676552,µg/g,none
139,2022-01-05,3,Co,2.136904948422624,µg/g,none
139,2022-01-05,3,Sb,0.2017756255044391,µg/g,left
139,2022-01-05,3,Ti,45.480308979100904,µg/g,none
139,2022-01-05,3,U,0.7902153335696216,µg/g,none
139,2022-01-05,3,V,4.314436036393948,µg/g,none
141,2022-01-19,2,Ag,0.03673094582185492,µg/g,left
141,2022-01-19,2,As,5.6347230956734,µg/g,none
141,2022-01-19,2,Cd,1.1142287004968416,µg/g,none
141,2022-01-19,2,Ce,52.325504570655895,µg/g,none
141,2022-01-19,2,Co,2.4274658991015112,µg/g,none
141,2022-01-19,2,Sb,0.18365472910927455,µg/g,left
141,2022-01-19,2,Ti,16.465058963300866,µg/g,none
141,2022-01-19,2,U,0.9070661832094792,µg/g,none
141,2022-01-19,2,V,2.7650360381191423,µg/g,none
142,2022-01-19,1,Ag,0.4612666174738472,µg/g,none
142,2022-01-19,1,As,12.014126078994233,µg/g,none
142,2022-01-19,1,Cd,0.03940110323089046,µg/g,left
142,2022-01-19,1,Ce,22.847526835918057,µg/g,none
142,2022-01-19,1,Co,1.0773548389374328,µg/g,none
142,2022-01-19,1,Sb,0.1970055161544523,µg/g,left
142,2022-01-19,1,Ti,22.06376676575545,µg/g,none
142,2022-01-19,1,U,0.03940110323089046,µg/g,left
142,2022-01-19,1,V,6.688871836391752,µg/g,none
143,2022-01-19,3,Ag,0.03896356906292617,µg/g,left
143,2022-01-19,3,As,4.714988526377881,µg/g,none
143,2022-01-19,3,Cd,0.6606351632066957,µg/g,none
143,2022-01-19,3,Ce,9.146585134815878,µg/g,none
143,2022-01-19,3,Co,2.4335693168749497,µg/g,none
143,2022-01-19,3,Sb,0.19481784531463084,µg/g,left
143,2022-01-19,3,Ti,30.402335059150086,µg/g,none
143,2022-01-19,3,U,0.5906734148659317,µg/g,none
143,2022-01-19,3,V,4.504024546796263,µg/g,none
145,2022-02-02,2,Ag,0.5000472324480503,µg/g,none
145,2022-02-02,2,As,1.651738956344065,µg/g,none
145,2022-02-02,2,Cd,0.4977798206164687,µg/g,none
145,2022-02-02,2,Ce,11.322658121857485,µg/g,none
145,2022-02-02,2,Co,1.2036202763571813,µg/g,none
145,2022-02-02,2,Sb,0.19036740909956215,µg/g,left
145,2022-02-02,2,Ti,7.636655873817847,µg/g,none
145,2022-02-02,2,U,0.5080512738617375,µg/g,none
145,2022-02-02,2,V,1.255078394234169,µg/g,none
146,2022-02-02,1,Ag,0.03714710252600298,µg/g,left
146,2022-02-02,1,As,2.639579508382375,µg/g,none
146,2022-02-02,1,Cd,0.03714710252600298,µg/g,left
146,2022-02-02,1,Ce,6.4536865747077226,µg/g,none
146,2022-02-02,1,Co,0.8522441986828225,µg/g,none
146,2022-02-02,1,Sb,0.1857355126300149,µg/g,left
146,2022-02-02,1,Ti,6.875094468828507,µg/g,none
146,2022-02-02,1,U,0.03714710252600298,µg/g,left
146,2022-02-02,1,V,2.1866395480272667,µg/g,none
147,2022-02-02,3,Ag,0.03883495145631068,µg/g,left
147,2022-02-02,3,As,5.610872084118116,µg/g,none
147,2022-02-02,3,Cd,0.8696609603445172,µg/g,none
147,2022-02-02,3,Ce,11.16971810023411,µg/g,none
147,2022-02-02,3,Co,2.9411695919511054,µg/g,none
147,2022-02-02,3,Sb,0.1941747572815534,µg/g,left
147,2022-02-02,3,Ti,50.451605451863685,µg/g,none
147,2022-02-02,3,U,0.6979767682553616,µg/g,none
147,2022-02-02,3,V,5.771966024760544,µg/g,none
149,2022-02-16,2,Ag,0.5853678962667889,µg/g,none
149,2022-02-16,2,As,5.5130202164231505,µg/g,none
149,2022-02-16,2,Cd,0.9809785779608916,µg/g,none
149,2022-02-16,2,Ce,32.382809404658424,µg/g,none
149,2022-02-16,2,Co,3.2456885105816085,µg/g,none
149,2022-02-16,2,Sb,0.1988071570576541,µg/g,left
149,2022-02-16,2,Ti,29.398785425598337,µg/g,none
149,2022-02-16,2,U,0.7759118064383493,µg/g,none
149,2022-02-16,2,V,3.9760956187022902,µg/g,none
150,2022-02-16,1,Ag,0.6319529584475307,µg/g,none
150,2022-02-16,1,As,3.2284899683043102,µg/g,none
150,2022-02-16,1,Cd,0.4161134729067307,µg/g,none
150,2022-02-16,1,Ce,10.096383078536377,µg/g,none
150,2022-02-16,1,Co,0.752771700107938,µg/g,none
150,2022-02-16,1,Sb,0.19230769230769232,µg/g,left
150,2022-02-16,1,Ti,11.490659147984797,µg/g,none
150,2022-02-16,1,U,0.03846153846153847,µg/g,left
150,2022-02-16,1,V,2.2152017276357996,µg/g,none
151,2022-02-18,3,Ag,0.62036524306170715,µg/g,none
151,2022-02-18,3,As,4.589794769713762,µg/g,none
151,2022-02-18,3,Cd,1.0117954712456796,µg/g,none
151,2022-02-18,3,Ce,10.53197353072467,µg/g,none
151,2022-02-18,3,Co,2.517382554657941,µg/g,none
151,2022-02-18,3,Sb,0.19342359767891684,µg/g,left
151,2022-02-18,3,Ti,39.93323613195267,µg/g,none
151,2022-02-18,3,U,0.6800260581858367,µg/g,none
151,2022-02-18,3,V,5.172304347710432,µg/g,none
153,2022-03-02,2,Ag,0.6326765695895757,µg/g,none
153,2022-03-02,2,As,2.632326791408068,µg/g,none
153,2022-03-02,2,Cd,0.6598864040327295,µg/g,none
153,2022-03-02,2,Ce,18.238548498312248,µg/g,none
153,2022-03-02,2,Co,1.7565636020941835,µg/g,none
153,2022-03-02,2,Sb,0.21186440677966104,µg/g,left
153,2022-03-02,2,Ti,16.80013755472025,µg/g,none
153,2022-03-02,2,U,0.6006284809479329,µg/g,none
153,2022-03-02,2,V,1.9238021961692404,µg/g,none
154,2022-03-02,1,Ag,0.4842646343659403,µg/g,none
154,2022-03-02,1,As,3.2171188968253976,µg/g,none
154,2022-03-02,1,Cd,0.04065040650406505,µg/g,left
154,2022-03-02,1,Ce,9.61953244128843,µg/g,none
154,2022-03-02,1,Co,0.9346801040538404,µg/g,none
154,2022-03-02,1,Sb,0.20325203252032523,µg/g,left
154,2022-03-02,1,Ti,17.447087039550517,µg/g,none
154,2022-03-02,1,U,0.04065040650406505,µg/g,left
154,2022-03-02,1,V,2.4410897193823073,µg/g,none
155,2022-03-02,3,Ag,0.679813594721413,µg/g,none
155,2022-03-02,3,As,3.961349453547339,µg/g,none
155,2022-03-02,3,Cd,0.8606600764147111,µg/g,none
155,2022-03-02,3,Ce,8.326635367547276,µg/g,none
155,2022-03-02,3,Co,3.371358758698812,µg/g,none
155,2022-03-02,3,Sb,0.1834862385321101,µg/g,left
155,2022-03-02,3,Ti,55.2918919138623,µg/g,none
155,2022-03-02,3,U,0.6389314630255841,µg/g,none
155,2022-03-02,3,V,4.356392132394133,µg/g,none
157,2022-03-16,2,Ag,0.9410779516474758,µg/g,none
157,2022-03-16,2,As,5.929363654856145,µg/g,none
157,2022-03-16,2,Cd,1.1728174764648192,µg/g,none
157,2022-03-16,2,Ce,33.62398528499512,µg/g,none
157,2022-03-16,2,Co,4.795194795384808,µg/g,none
157,2022-03-16,2,Sb,0.21097046413502113,µg/g,left
157,2022-03-16,2,Ti,83.02780825776492,µg/g,none
157,2022-03-16,2,U,0.7407936941095417,µg/g,none
157,2022-03-16,2,V,10.1069607447025,µg/g,none
158,2022-03-16,1,Ag,1.159530121870158,µg/g,none
158,2022-03-16,1,As,5.724503180124704,µg/g,none
158,2022-03-16,1,Cd,0.45292265409286786,µg/g,none
158,2022-03-16,1,Ce,15.62216009738535,µg/g,none
158,2022-03-16,1,Co,1.499319132329512,µg/g,none
158,2022-03-16,1,Sb,0.1904761904761905,µg/g,left
158,2022-03-16,1,Ti,29.63020209876389,µg/g,none
158,2022-03-16,1,U,0.0380952380952381,µg/g,left
158,2022-03-16,1,V,4.261829526616372,µg/g,none
159,2022-03-16,3,Ag,0.9991359403328304,µg/g,none
159,2022-03-16,3,As,6.104312701016199,µg/g,none
159,2022-03-16,3,Cd,1.159499541048922,µg/g,none
159,2022-03-16,3,Ce,12.822803454461267,µg/g,none
159,2022-03-16,3,Co,4.672422788861501,µg/g,none
159,2022-03-16,3,Sb,0.2079002079002079,µg/g,left
159,2022-03-16,3,Ti,76.00302399020671,µg/g,none
159,2022-03-16,3,U,0.913577812496869,µg/g,none
159,2022-03-16,3,V,6.647125305047575,µg/g,none
161,2022-03-30,2,Ag,0.7515490185065468,µg/g,none
161,2022-03-30,2,As,5.722396548816461,µg/g,none
161,2022-03-30,2,Cd,1.1605350612305627,µg/g,none
161,2022-03-30,2,Ce,34.96038127897732,µg/g,none
161,2022-03-30,2,Co,4.4926453851840895,µg/g,none
161,2022-03-30,2,Sb,0.18450184501845016,µg/g,left
161,2022-03-30,2,Ti,64.4040799985363,µg/g,none
161,2022-03-30,2,U,0.8081905525809588,µg/g,none
161,2022-03-30,2,V,7.712954806114125,µg/g,none
162,2022-03-30,1,Ag,0.7333743853908632,µg/g,none
162,2022-03-30,1,As,7.077634927441461,µg/g,none
162,2022-03-30,1,Cd,0.43481000166002143,µg/g,none
162,2022-03-30,1,Ce,16.90422634268822,µg/g,none
162,2022-03-30,1,Co,1.0962730441974924,µg/g,none
162,2022-03-30,1,Sb,0.21276595744680857,µg/g,left
162,2022-03-30,1,Ti,18.262004487078546,µg/g,none
162,2022-03-30,1,U,0.04255319148936171,µg/g,left
162,2022-03-30,1,V,4.130116806106173,µg/g,none
163,2022-04-01,3,Ag,1.267981650024504,µg/g,none
163,2022-04-01,3,As,5.458589574681155,µg/g,none
163,2022-04-01,3,Cd,1.246224841663626,µg/g,none
163,2022-04-01,3,Ce,13.001340553394543,µg/g,none
163,2022-04-01,3,Co,3.9181370854070456,µg/g,none
163,2022-04-01,3,Sb,0.19157088122605365,µg/g,left
163,2022-04-01,3,Ti,73.11842038909255,µg/g,none
163,2022-04-01,3,U,0.8905141638453131,µg/g,none
163,2022-04-01,3,V,6.715787770091493,µg/g,none
165,2022-04-13,2,Ag,0.678961913188732,µg/g,none
165,2022-04-13,2,As,5.867105113003738,µg/g,none
165,2022-04-13,2,Cd,0.7465015896147724,µg/g,none
165,2022-04-13,2,Ce,29.480618872185698,µg/g,none
165,2022-04-13,2,Co,2.9492231373399127,µg/g,none
165,2022-04-13,2,Sb,0.19230769230769232,µg/g,left
165,2022-04-13,2,Ti,34.94239167223063,µg/g,none
165,2022-04-13,2,U,0.6902899261027143,µg/g,none
165,2022-04-13,2,V,4.811332121575566,µg/g,none
166,2022-04-13,1,Ag,0.790468736063453,µg/g,none
166,2022-04-13,1,As,5.494259389386646,µg/g,none
166,2022-04-13,1,Cd,0.6270426147988131,µg/g,none
166,2022-04-13,1,Ce,13.338902277286412,µg/g,none
166,2022-04-13,1,Co,1.5692056579980291,µg/g,none
166,2022-04-13,1,Sb,0.20964360587002095,µg/g,left
166,2022-04-13,1,Ti,36.74909147738048,µg/g,none
166,2022-04-13,1,U,0.5092706955758691,µg/g,none
166,2022-04-13,1,V,4.930484973327306,µg/g,none
167,2022-04-13,3,Ag,0.9373763579624906,µg/g,none
167,2022-04-13,3,As,5.570234944609402,µg/g,none
167,2022-04-13,3,Cd,1.0383079787452492,µg/g,none
167,2022-04-13,3,Ce,11.441083209702176,µg/g,none
167,2022-04-13,3,Co,3.7089261071613664,µg/g,none
167,2022-04-13,3,Sb,0.1937984496124031,µg/g,left
167,2022-04-13,3,Ti,72.64818026144702,µg/g,none
167,2022-04-13,3,U,0.8658278257187383,µg/g,none
167,2022-04-13,3,V,5.666063020185722,µg/g,none
169,2022-04-27,2,Ag,0.7488949928727376,µg/g,none
169,2022-04-27,2,As,3.5979992898978126,µg/g,none
169,2022-04-27,2,Cd,0.7695126432860911,µg/g,none
169,2022-04-27,2,Ce,24.31642232348127,µg/g,none
169,2022-04-27,2,Co,2.206070783723751,µg/g,none
169,2022-04-27,2,Sb,0.1834862385321101,µg/g,left
169,2022-04-27,2,Ti,30.50264431429064,µg/g,none
169,2022-04-27,2,U,0.6610760520078622,µg/g,none
169,2022-04-27,2,V,3.6763254107636607,µg/g,none
170,2022-04-27,1,Ag,1.4295201157979007,µg/g,none
170,2022-04-27,1,As,5.443553475126692,µg/g,none
170,2022-04-27,1,Cd,0.5292687596178679,µg/g,none
170,2022-04-27,1,Ce,12.944691278639166,µg/g,none
170,2022-04-27,1,Co,1.3906154425111,µg/g,none
170,2022-04-27,1,Sb,0.1834862385321101,µg/g,left
170,2022-04-27,1,Ti,22.862254079631057,µg/g,none
170,2022-04-27,1,U,0.5068514488269885,µg/g,none
170,2022-04-27,1,V,3.151373753476168,µg/g,none
171,2022-04-29,3,Ag,1.0300804755953263,µg/g,none
171,2022-04-29,3,As,5.581382590541683,µg/g,none
171,2022-04-29,3,Cd,1.128980499653451,µg/g,none
171,2022-04-29,3,Ce,11.797838067195876,µg/g,none
171,2022-04-29,3,Co,4.074866521818179,µg/g,none
171,2022-04-29,3,Sb,42.11478611114853,µg/g,none
171,2022-04-29,3,Ti,62.68887142964471,µg/g,none
171,2022-04-29,3,U,0.908031220882928,µg/g,none
171,2022-04-29,3,V,5.942492278442946,µg/g,none
173,2022-05-11,2,Ag,0.5072015117334815,µg/g,none
173,2022-05-11,2,As,2.1247173163361226,µg/g,none
173,2022-05-11,2,Cd,0.4064950155197974,µg/g,none
173,2022-05-11,2,Ce,21.385824450430988,µg/g,none
173,2022-05-11,2,Co,3.2185978075393447,µg/g,none
173,2022-05-11,2,Sb,0.19083969465648856,µg/g,left
173,2022-05-11,2,Ti,25.38293035807795,µg/g,none
173,2022-05-11,2,U,0.5207314198453248,µg/g,none
173,2022-05-11,2,V,5.188376845676269,µg/g,none
174,2022-05-11,1,Ag,1.0006038053474413,µg/g,none
174,2022-05-11,1,As,5.107338233525001,µg/g,none
174,2022-05-11,1,Cd,0.5819422131245263,µg/g,none
174,2022-05-11,1,Ce,9.99039176949878,µg/g,none
174,2022-05-11,1,Co,1.3951129779594482,µg/g,none
174,2022-05-11,1,Sb,0.1953125,µg/g,left
174,2022-05-11,1,Ti,27.19487855172813,µg/g,none
174,2022-05-11,1,U,0.9605873285924412,µg/g,none
174,2022-05-11,1,V,3.2361610782400354,µg/g,none
175,2022-05-11,3,Ag,1.0190211077687628,µg/g,none
175,2022-05-11,3,As,3.3254671778883687,µg/g,none
175,2022-05-11,3,Cd,0.7656580800751063,µg/g,none
175,2022-05-11,3,Ce,45.48006507358226,µg/g,none
175,2022-05-11,3,Co,2.2965413661646616,µg/g,none
175,2022-05-11,3,Sb,0.20408163265306123,µg/g,left
175,2022-05-11,3,Ti,524.4158362459314,µg/g,none
175,2022-05-11,3,U,0.7453801965390434,µg/g,none
175,2022-05-11,3,V,3.4783803889016394,µg/g,none
177,2022-05-25,2,Ag,0.91481697538994,µg/g,none
177,2022-05-25,2,As,2.069518442437843,µg/g,none
177,2022-05-25,2,Cd,0.5844079906249698,µg/g,none
177,2022-05-25,2,Ce,13.179622101331251,µg/g,none
177,2022-05-25,2,Co,1.743155608847435,µg/g,none
177,2022-05-25,2,Sb,0.1956947162426615,µg/g,left
177,2022-05-25,2,Ti,24.88608841799431,µg/g,none
177,2022-05-25,2,U,0.602412845218466,µg/g,none
177,2022-05-25,2,V,2.5480567835588808,µg/g,none
178,2022-05-25,1,Ag,0.9621665609316468,µg/g,none
178,2022-05-25,1,As,3.986068342839901,µg/g,none
178,2022-05-25,1,Cd,0.6423260627654355,µg/g,none
178,2022-05-25,1,Ce,8.4053192189966,µg/g,none
178,2022-05-25,1,Co,1.499442627806909,µg/g,none
178,2022-05-25,1,Sb,0.19455252918287935,µg/g,left
178,2022-05-25,1,Ti,26.7720489808095,µg/g,none
178,2022-05-25,1,U,1.2452779768765687,µg/g,none
178,2022-05-25,1,V,3.7749173728980585,µg/g,none
179,2022-05-25,3,Ag,0.03984063745019921,µg/g,left
179,2022-05-25,3,As,0.03984063745019921,µg/g,left
179,2022-05-25,3,Cd,0.03984063745019921,µg/g,left
179,2022-05-25,3,Ce,0.03984063745019921,µg/g,left
179,2022-05-25,3,Co,0.03984063745019921,µg/g,left
179,2022-05-25,3,Sb,0.19920318725099603,µg/g,left
179,2022-05-25,3,Ti,0.04980079681274901,µg/g,left
179,2022-05-25,3,U,0.03984063745019921,µg/g,left
179,2022-05-25,3,V,0.03984063745019921,µg/g,left
181,2022-06-08,2,Ag,0.7703508815513488,µg/g,none
181,2022-06-08,2,As,2.5391671636822406,µg/g,none
181,2022-06-08,2,Cd,0.5676117652522042,µg/g,none
181,2022-06-08,2,Ce,13.160399052990329,µg/g,none
181,2022-06-08,2,Co,2.1107408147634628,µg/g,none
181,2022-06-08,2,Sb,0.18761726078799248,µg/g,left
181,2022-06-08,2,Ti,28.34371170630099,µg/g,none
181,2022-06-08,2,U,0.5848836361753234,µg/g,none
181,2022-06-08,2,V,3.176976136513076,µg/g,none
182,2022-06-08,1,Ag,1.4176559641619733,µg/g,none
182,2022-06-08,1,As,3.618281914156249,µg/g,none
182,2022-06-08,1,Cd,0.708606409890956,µg/g,none
182,2022-06-08,1,Ce,7.486959329917084,µg/g,none
182,2022-06-08,1,Co,1.1191834229023023,µg/g,none
182,2022-06-08,1,Sb,0.1904761904761905,µg/g,left
182,2022-06-08,1,Ti,24.30787036547752,µg/g,none
182,2022-06-08,1,U,1.1247075297036675,µg/g,none
182,2022-06-08,1,V,3.860443184544044,µg/g,none
183,2022-06-08,3,Ag,0.7535940700323855,µg/g,none
183,2022-06-08,3,As,3.5315796114449913,µg/g,none
183,2022-06-08,3,Cd,0.8191631621028577,µg/g,none
183,2022-06-08,3,Ce,6.361825393643541,µg/g,none
183,2022-06-08,3,Co,2.051847308621547,µg/g,none
183,2022-06-08,3,Sb,0.1841620626151013,µg/g,left
183,2022-06-08,3,Ti,40.07581385548056,µg/g,none
183,2022-06-08,3,U,0.8197121164825185,µg/g,none
183,2022-06-08,3,V,3.2268858136009153,µg/g,none
185,2022-06-22,2,Ag,0.7805328495138236,µg/g,none
185,2022-06-22,2,As,3.7082281817198823,µg/g,none
185,2022-06-22,2,Cd,0.6935068207734962,µg/g,none
185,2022-06-22,2,Ce,20.98393961294735,µg/g,none
185,2022-06-22,2,Co,2.788081659782199,µg/g,none
185,2022-06-22,2,Sb,0.18248175182481752,µg/g,left
185,2022-06-22,2,Ti,44.251380130594725,µg/g,none
185,2022-06-22,2,U,0.9043446062713072,µg/g,none
185,2022-06-22,2,V,4.142509797733838,µg/g,none
186,2022-06-22,1,Ag,2.761439990054017,µg/g,none
186,2022-06-22,1,As,6.837642036111494,µg/g,none
186,2022-06-22,1,Cd,0.7101407211533456,µg/g,none
186,2022-06-22,1,Ce,12.0116264360247,µg/g,none
186,2022-06-22,1,Co,1.8330763989224848,µg/g,none
186,2022-06-22,1,Sb,0.18552875695732837,µg/g,left
186,2022-06-22,1,Ti,36.30999161770704,µg/g,none
186,2022-06-22,1,U,0.7562505223827202,µg/g,none
186,2022-06-22,1,V,5.870743772523487,µg/g,none
187,2022-06-24,3,Ag,0.8192164934640338,µg/g,none
187,2022-06-24,3,As,4.638643912936079,µg/g,none
187,2022-06-24,3,Cd,0.9034795715595572,µg/g,none
187,2022-06-24,3,Ce,7.478304209200184,µg/g,none
187,2022-06-24,3,Co,2.3512409294672443,µg/g,none
187,2022-06-24,3,Sb,0.21141649048625796,µg/g,left
187,2022-06-24,3,Ti,50.23585406407018,µg/g,none
187,2022-06-24,3,U,0.9982065955131592,µg/g,none
187,2022-06-24,3,V,3.838822779421232,µg/g,none
189,2022-07-06,2,Ag,1.1813415446118225,µg/g,none
189,2022-07-06,2,As,4.587329423794618,µg/g,none
189,2022-07-06,2,Cd,0.9913943122379628,µg/g,none
189,2022-07-06,2,Ce,22.481545087941765,µg/g,none
189,2022-07-06,2,Co,4.125704162389342,µg/g,none
189,2022-07-06,2,Sb,0.09813542688910698,µg/g,left
189,2022-07-06,2,Ti,23.132142891994192,µg/g,none
189,2022-07-06,2,U,0.7476103953730052,µg/g,none
189,2022-07-06,2,V,4.565636573032995,µg/g,none
190,2022-07-06,1,Ag,2.0207160372298314,µg/g,none
190,2022-07-06,1,As,7.205602934146118,µg/g,none
190,2022-07-06,1,Cd,0.8390466889282987,µg/g,none
190,2022-07-06,1,Ce,16.02731023968711,µg/g,none
190,2022-07-06,1,Co,3.6013369124397987,µg/g,none
190,2022-07-06,1,Sb,1.2814217351344068,µg/g,none
190,2022-07-06,1,Ti,21.79019911952711,µg/g,none
190,2022-07-06,1,U,0.599122347349171,µg/g,none
190,2022-07-06,1,V,6.445368240875175,µg/g,none
191,2022-07-06,3,Ag,1.3701062999230544,µg/g,none
191,2022-07-06,3,As,6.28897350992629,µg/g,none
191,2022-07-06,3,Cd,1.3084933443931464,µg/g,none
191,2022-07-06,3,Ce,8.396893141185677,µg/g,none
191,2022-07-06,3,Co,3.642343734350962,µg/g,none
191,2022-07-06,3,Sb,0.9909933681451044,µg/g,none
191,2022-07-06,3,Ti,55.57936737362155,µg/g,none
191,2022-07-06,3,U,0.9029164578472404,µg/g,none
191,2022-07-06,3,V,5.527975410680163,µg/g,none
193,2022-07-20,2,Ag,0.506649071334276,µg/g,none
193,2022-07-20,2,As,3.1409541527025104,µg/g,none
193,2022-07-20,2,Cd,0.5262732692500951,µg/g,none
193,2022-07-20,2,Ce,14.204589571059472,µg/g,none
193,2022-07-20,2,Co,1.95703652856494,µg/g,none
193,2022-07-20,2,Sb,0.09532888465204958,µg/g,left
193,2022-07-20,2,Ti,28.582127818203652,µg/g,none
193,2022-07-20,2,U,0.7835921167549802,µg/g,none
193,2022-07-20,2,V,2.9964394577879876,µg/g,none
194,2022-07-20,1,Ag,2.178023846052035,µg/g,none
194,2022-07-20,1,As,9.824600745253182,µg/g,none
194,2022-07-20,1,Cd,0.8626136180332543,µg/g,none
194,2022-07-20,1,Ce,15.993998637009168,µg/g,none
194,2022-07-20,1,Co,3.814291462889132,µg/g,none
194,2022-07-20,1,Sb,0.9989097124270933,µg/g,none
194,2022-07-20,1,Ti,58.49687247969249,µg/g,none
194,2022-07-20,1,U,1.84976687646282,µg/g,none
194,2022-07-20,1,V,8.92728657848731,µg/g,none
195,2022-07-20,3,Ag,0.9385776676167646,µg/g,none
195,2022-07-20,3,As,4.816212731379606,µg/g,none
195,2022-07-20,3,Cd,0.9362896324575468,µg/g,none
195,2022-07-20,3,Ce,6.954452029792165,µg/g,none
195,2022-07-20,3,Co,2.3473253372320735,µg/g,none
195,2022-07-20,3,Sb,0.09328358208955224,µg/g,left
195,2022-07-20,3,Ti,44.68264574781989,µg/g,none
195,2022-07-20,3,U,0.7625641158184062,µg/g,none
195,2022-07-20,3,V,4.157945960451949,µg/g,none
197,2022-08-31,2,Ag,1.780444776744485,µg/g,none
197,2022-08-31,2,As,3.1641073363859515,µg/g,none
197,2022-08-31,2,Cd,0.5291086622273197,µg/g,none
197,2022-08-31,2,Ce,4.715311662456695,µg/g,none
197,2022-08-31,2,Co,0.9824393610562796,µg/g,none
197,2022-08-31,2,Sb,1.0145356250548054,µg/g,none
197,2022-08-31,2,Ti,16.41890515363061,µg/g,none
197,2022-08-31,2,U,0.38781988103787,µg/g,none
197,2022-08-31,2,V,3.3994561714605647,µg/g,none
198,2022-08-31,1,Ag,0.36275124115804,µg/g,none
198,2022-08-31,1,As,0.9816424564552696,µg/g,none
198,2022-08-31,1,Cd,0.224809922388566,µg/g,none
198,2022-08-31,1,Ce,5.1334166173646345,µg/g,none
198,2022-08-31,1,Co,0.7891402514611032,µg/g,none
198,2022-08-31,1,Sb,0.09416195856873824,µg/g,left
198,2022-08-31,1,Ti,6.990637387084064,µg/g,none
198,2022-08-31,1,U,0.3807652779588455,µg/g,none
198,2022-08-31,1,V,1.010771529786768,µg/g,none
199,2022-08-31,3,Ag,1.5440110957273805,µg/g,none
199,2022-08-31,3,As,7.567101518797085,µg/g,none
199,2022-08-31,3,Cd,1.4163182293458123,µg/g,none
199,2022-08-31,3,Ce,7.700414176156984,µg/g,none
199,2022-08-31,3,Co,2.7325898522530134,µg/g,none
199,2022-08-31,3,Sb,1.2631651588605042,µg/g,none
199,2022-08-31,3,Ti,46.2750721837199,µg/g,none
199,2022-08-31,3,U,1.2547090345557554,µg/g,none
199,2022-08-31,3,V,4.974813658113064,µg/g,none
201,2022-09-14,1,Ag,5.2982067725564335,µg/g,none
201,2022-09-14,1,As,11.55873998073939,µg/g,none
201,2022-09-14,1,Cd,1.631659246177818,µg/g,none
201,2022-09-14,1,Ce,12.289566545556136,µg/g,none
201,2022-09-14,1,Co,3.1058735793330685,µg/g,none
201,2022-09-14,1,Sb,2.4258314812354977,µg/g,none
201,2022-09-14,1,Ti,12.762875313873298,µg/g,none
201,2022-09-14,1,U,1.3303848349743423,µg/g,none
201,2022-09-14,1,V,10.835697625857168,µg/g,none
202,2022-09-14,2,Ag,1.0763286316846572,µg/g,none
202,2022-09-14,2,As,2.9466977573490274,µg/g,none
202,2022-09-14,2,Cd,0.6071211273593532,µg/g,none
202,2022-09-14,2,Ce,8.37260364234088,µg/g,none
202,2022-09-14,2,Co,2.070269931601921,µg/g,none
202,2022-09-14,2,Sb,0.10050251256281408,µg/g,left
202,2022-09-14,2,Ti,8.802785451957883,µg/g,none
202,2022-09-14,2,U,0.8063311307196165,µg/g,none
202,2022-09-14,2,V,3.1807118283506264,µg/g,none
203,2022-09-14,3,Ag,0.9545901200901612,µg/g,none
203,2022-09-14,3,As,4.50446319980437,µg/g,none
203,2022-09-14,3,Cd,0.7803246625400322,µg/g,none
203,2022-09-14,3,Ce,5.207886074149926,µg/g,none
203,2022-09-14,3,Co,1.9081268426188271,µg/g,none
203,2022-09-14,3,Sb,0.09082652134423252,µg/g,left
203,2022-09-14,3,Ti,34.96213370123137,µg/g,none
203,2022-09-14,3,U,0.7367882277399693,µg/g,none
203,2022-09-14,3,V,3.362358966873311,µg/g,none
205,2022-09-28,1,Ag,1.8432390032361383,µg/g,none
205,2022-09-28,1,As,51.36462378462907,µg/g,none
205,2022-09-28,1,Cd,2.1128191561658527,µg/g,none
205,2022-09-28,1,Ce,45.32411816184087,µg/g,none
205,2022-09-28,1,Co,8.481159709407352,µg/g,none
205,2022-09-28,1,Sb,1.47278208449861,µg/g,none
205,2022-09-28,1,Ti,137.18022705703288,µg/g,none
205,2022-09-28,1,U,1.2848604379039104,µg/g,none
205,2022-09-28,1,V,50.07726324340669,µg/g,none
206,2022-09-28,2,Ag,0.697459005695322,µg/g,none
206,2022-09-28,2,As,3.896114282033565,µg/g,none
206,2022-09-28,2,Cd,0.5179015460254587,µg/g,none
206,2022-09-28,2,Ce,16.472919232178537,µg/g,none
206,2022-09-28,2,Co,2.999447683859754,µg/g,none
206,2022-09-28,2,Sb,0.919392702338334,µg/g,none
206,2022-09-28,2,Ti,35.40987657532823,µg/g,none
206,2022-09-28,2,U,0.5954516692594805,µg/g,none
206,2022-09-28,2,V,4.38523776459166,µg/g,none
207,2022-09-28,3,Ag,1.440211066636117,µg/g,none
207,2022-09-28,3,As,6.606553799225149,µg/g,none
207,2022-09-28,3,Cd,1.225778543002394,µg/g,none
207,2022-09-28,3,Ce,16.661835606637144,µg/g,none
207,2022-09-28,3,Co,2.457015988673259,µg/g,none
207,2022-09-28,3,Sb,1.1087498746803086,µg/g,none
207,2022-09-28,3,Ti,56.1908629895606,µg/g,none
207,2022-09-28,3,U,1.0534949026966989,µg/g,none
207,2022-09-28,3,V,4.790287637838862,µg/g,none
209,2022-10-14,2,Ag,1.910995286841413,µg/g,none
209,2022-10-14,2,As,14.929108686419704,µg/g,none
209,2022-10-14,2,Cd,2.341500259626746,µg/g,none
209,2022-10-14,2,Ce,42.29969593641073,µg/g,none
209,2022-10-14,2,Co,10.25368247729807,µg/g,none
209,2022-10-14,2,Sb,1.0691863844837808,µg/g,none
209,2022-10-14,2,Ti,62.79279818250448,µg/g,none
209,2022-10-14,2,U,3.4118646448098957,µg/g,none
209,2022-10-14,2,V,9.943895350617918,µg/g,none
210,2022-10-14,1,Ag,1.893403082005474,µg/g,none
210,2022-10-14,1,As,9.10650311066848,µg/g,none
210,2022-10-14,1,Cd,0.8190381597705283,µg/g,none
210,2022-10-14,1,Ce,18.358715298543743,µg/g,none
210,2022-10-14,1,Co,1.6784144337711622,µg/g,none
210,2022-10-14,1,Sb,0.979178692657832,µg/g,none
210,2022-10-14,1,Ti,23.61682107601727,µg/g,none
210,2022-10-14,1,U,0.5826814577584478,µg/g,none
210,2022-10-14,1,V,7.455120270491692,µg/g,none
211,2022-10-14,3,Ag,1.947909283939693,µg/g,none
211,2022-10-14,3,As,9.502921856387244,µg/g,none
211,2022-10-14,3,Cd,0.8523428876418171,µg/g,none
211,2022-10-14,3,Ce,19.357894783751433,µg/g,none
211,2022-10-14,3,Co,1.7705628761720693,µg/g,none
211,2022-10-14,3,Sb,1.0246777907436826,µg/g,none
211,2022-10-14,3,Ti,23.65012335580725,µg/g,none
211,2022-10-14,3,U,0.6200748281759775,µg/g,none
211,2022-10-14,3,V,7.789358560348042,µg/g,none
213,2022-10-26,2,Ag,0.7804241819980408,µg/g,none
213,2022-10-26,2,As,4.364753927387548,µg/g,none
213,2022-10-26,2,Cd,0.8190716459886125,µg/g,none
213,2022-10-26,2,Ce,30.19808765756414,µg/g,none
213,2022-10-26,2,Co,4.088092068114084,µg/g,none
213,2022-10-26,2,Sb,3.3706904163443667,µg/g,none
213,2022-10-26,2,Ti,39.14929713078327,µg/g,none
213,2022-10-26,2,U,1.1792505723048134,µg/g,none
213,2022-10-26,2,V,4.363974601913653,µg/g,none
214,2022-10-26,1,Ag,1.259012773151446,µg/g,none
214,2022-10-26,1,As,3.953190226323868,µg/g,none
214,2022-10-26,1,Cd,0.04089143324473524,µg/g,left
214,2022-10-26,1,Ce,5.295125871276907,µg/g,none
214,2022-10-26,1,Co,0.755931742953753,µg/g,none
214,2022-10-26,1,Sb,0.20445716622367616,µg/g,left
214,2022-10-26,1,Ti,12.16625697788492,µg/g,none
214,2022-10-26,1,U,0.04089143324473524,µg/g,left
214,2022-10-26,1,V,3.3543356390671497,µg/g,none
215,2022-10-26,3,Ag,1.4318248773428548,µg/g,none
215,2022-10-26,3,As,7.868222835922536,µg/g,none
215,2022-10-26,3,Cd,1.20373436318419,µg/g,none
215,2022-10-26,3,Ce,9.949243505247129,µg/g,none
215,2022-10-26,3,Co,2.779926435543887,µg/g,none
215,2022-10-26,3,Sb,0.175377060680463,µg/g,left
215,2022-10-26,3,Ti,51.28451858802135,µg/g,none
215,2022-10-26,3,U,1.1306516141548597,µg/g,none
215,2022-10-26,3,V,5.921997399518796,µg/g,none
217,2022-11-09,1,Ag,0.9268602121824302,µg/g,none
217,2022-11-09,1,As,8.089773440725805,µg/g,none
217,2022-11-09,1,Cd,0.5967629856068153,µg/g,none
217,2022-11-09,1,Ce,13.223417408769562,µg/g,none
217,2022-11-09,1,Co,1.956125038503823,µg/g,none
217,2022-11-09,1,Sb,0.20973154362416108,µg/g,left
217,2022-11-09,1,Ti,38.53458893431025,µg/g,none
217,2022-11-09,1,U,0.9943817441334364,µg/g,none
217,2022-11-09,1,V,6.90987361090891,µg/g,none
218,2022-11-09,2,Ag,0.5889039302538928,µg/g,none
218,2022-11-09,2,As,5.8651410015227,µg/g,none
218,2022-11-09,2,Cd,0.8098342416044678,µg/g,none
218,2022-11-09,2,Ce,28.340986142809193,µg/g,none
218,2022-11-09,2,Co,3.672706912322024,µg/g,none
218,2022-11-09,2,Sb,3.977459140803625,µg/g,none
218,2022-11-09,2,Ti,49.5299170602193,µg/g,none
218,2022-11-09,2,U,1.2077635943224136,µg/g,none
218,2022-11-09,2,V,6.277266021764012,µg/g,none
219,2022-11-09,3,Ag,0.9239206891937548,µg/g,none
219,2022-11-09,3,As,5.190648432414994,µg/g,none
219,2022-11-09,3,Cd,0.8522731544290743,µg/g,none
219,2022-11-09,3,Ce,7.635816525524548,µg/g,none
219,2022-11-09,3,Co,1.9672091767495832,µg/g,none
219,2022-11-09,3,Sb,0.19924287706714489,µg/g,left
219,2022-11-09,3,Ti,44.542229373773075,µg/g,none
219,2022-11-09,3,U,0.9076172132608714,µg/g,none
219,2022-11-09,3,V,4.887922883535669,µg/g,none
221,2022-11-23,1,Ag,1.2055690250474695,µg/g,none
221,2022-11-23,1,As,6.914521336659635,µg/g,none
221,2022-11-23,1,Cd,0.499784571082564,µg/g,none
221,2022-11-23,1,Ce,12.299753576033709,µg/g,none
221,2022-11-23,1,Co,1.0884649390926466,µg/g,none
221,2022-11-23,1,Sb,0.21048200378867607,µg/g,left
221,2022-11-23,1,Ti,14.811087286028432,µg/g,none
221,2022-11-23,1,U,0.5200629990881487,µg/g,none
221,2022-11-23,1,V,3.851632249238525,µg/g,none
222,2022-11-23,2,Ag,0.4490891321024375,µg/g,none
222,2022-11-23,2,As,2.7257683011091576,µg/g,none
222,2022-11-23,2,Cd,0.5284606054651568,µg/g,none
222,2022-11-23,2,Ce,22.406464898238134,µg/g,none
222,2022-11-23,2,Co,1.9933555156570464,µg/g,none
222,2022-11-23,2,Sb,0.1924557351809084,µg/g,left
222,2022-11-23,2,Ti,16.156318951732818,µg/g,none
222,2022-11-23,2,U,0.881221752577876,µg/g,none
222,2022-11-23,2,V,2.289857580097968,µg/g,none
223,2022-11-23,3,Ag,0.486786131512371,µg/g,none
223,2022-11-23,3,As,4.648514864326562,µg/g,none
223,2022-11-23,3,Cd,0.8428827102454853,µg/g,none
223,2022-11-23,3,Ce,8.11415728031132,µg/g,none
223,2022-11-23,3,Co,1.870282607791507,µg/g,none
223,2022-11-23,3,Sb,2.4070624708975368,µg/g,none
223,2022-11-23,3,Ti,39.42722122209669,µg/g,none
223,2022-11-23,3,U,0.8502459704559314,µg/g,none
223,2022-11-23,3,V,4.2998365884350935,µg/g,none
225,2022-10-14,1,Ag,0.6329307186873908,µg/g,none
225,2022-10-14,1,As,6.876185457191977,µg/g,none
225,2022-10-14,1,Cd,0.4444929160761784,µg/g,none
225,2022-10-14,1,Ce,13.894537560912244,µg/g,none
225,2022-10-14,1,Co,1.342831642371289,µg/g,none
225,2022-10-14,1,Sb,0.19817677368212444,µg/g,left
225,2022-10-14,1,Ti,18.374787644799767,µg/g,none
225,2022-10-14,1,U,0.0396353547364249,µg/g,left
225,2022-10-14,1,V,4.228871810787062,µg/g,none
226,2022-10-14,3,Ag,1.0600980712410797,µg/g,none
226,2022-10-14,3,As,5.468281347323361,µg/g,none
226,2022-10-14,3,Cd,1.0981886683711803,µg/g,none
226,2022-10-14,3,Ce,12.16775112555692,µg/g,none
226,2022-10-14,3,Co,2.568982137368549,µg/g,none
226,2022-10-14,3,Sb,0.2043318348998774,µg/g,left
226,2022-10-14,3,Ti,61.81749249142767,µg/g,none
226,2022-10-14,3,U,1.3085392454533975,µg/g,none
226,2022-10-14,3,V,6.08934850082655,µg/g,none
227,2022-10-14,2,Ag,0.669947541451703,µg/g,none
227,2022-10-14,2,As,4.848099439387233,µg/g,none
227,2022-10-14,2,Cd,1.0142230563460193,µg/g,none
227,2022-10-14,2,Ce,50.603603915782024,µg/g,none
227,2022-10-14,2,Co,2.755405984985065,µg/g,none
227,2022-10-14,2,Sb,0.20521239482864767,µg/g,left
227,2022-10-14,2,Ti,17.28119864234165,µg/g,none
227,2022-10-14,2,U,1.2274133608531397,µg/g,none
227,2022-10-14,2,V,2.1408494297439904,µg/g,none
229,2022-10-26,1,Ag,0.7819252510121139,µg/g,none
229,2022-10-26,1,As,7.971444166231424,µg/g,none
229,2022-10-26,1,Cd,0.5118408108706781,µg/g,none
229,2022-10-26,1,Ce,16.584572911890874,µg/g,none
229,2022-10-26,1,Co,1.7769707454632642,µg/g,none
229,2022-10-26,1,Sb,0.192789666473877,µg/g,left
229,2022-10-26,1,Ti,34.01754925133596,µg/g,none
229,2022-10-26,1,U,0.5076094014769956,µg/g,none
229,2022-10-26,1,V,5.9104580241655595,µg/g,none
230,2022-10-26,3,Ag,1.2365278146035728,µg/g,none
230,2022-10-26,3,As,5.5604408790948865,µg/g,none
230,2022-10-26,3,Cd,1.0525132002811397,µg/g,none
230,2022-10-26,3,Ce,11.530488992518675,µg/g,none
230,2022-10-26,3,Co,2.753734187316531,µg/g,none
230,2022-10-26,3,Sb,0.20341741253051265,µg/g,left
230,2022-10-26,3,Ti,64.00131938380294,µg/g,none
230,2022-10-26,3,U,1.1330767131188957,µg/g,none
230,2022-10-26,3,V,6.246621531952695,µg/g,none
231,2022-10-26,2,Ag,0.03975352812562115,µg/g,left
231,2022-10-26,2,As,0.03975352812562115,µg/g,left
231,2022-10-26,2,Cd,0.03975352812562115,µg/g,left
231,2022-10-26,2,Ce,0.03975352812562115,µg/g,left
231,2022-10-26,2,Co,0.03975352812562115,µg/g,left
231,2022-10-26,2,Sb,0.19876764062810576,µg/g,left
231,2022-10-26,2,Ti,0.04969191015702644,µg/g,left
231,2022-10-26,2,U,0.03975352812562115,µg/g,left
231,2022-10-26,2,V,0.03975352812562115,µg/g,left
234,2023-02-01,1,Ag,1.2004924392966532,µg/g,none
234,2023-02-01,1,As,6.804416132334121,µg/g,none
234,2023-02-01,1,Cd,0.4694994443327829,µg/g,none
234,2023-02-01,1,Ce,20.307930836895572,µg/g,none
234,2023-02-01,1,Co,1.7215662059686876,µg/g,none
234,2023-02-01,1,Sb,0.2021018593371059,µg/g,left
234,2023-02-01,1,Ti,38.95038052360742,µg/g,none
234,2023-02-01,1,U,0.04042037186742119,µg/g,left
234,2023-02-01,1,V,5.5467353091548075,µg/g,none
235,2023-02-08,2,Ag,0.04418912947414936,µg/g,left
235,2023-02-08,2,As,2.142818725308197,µg/g,none
235,2023-02-08,2,Cd,0.6178216717382511,µg/g,none
235,2023-02-08,2,Ce,20.73496875192096,µg/g,none
235,2023-02-08,2,Co,1.7795159225170918,µg/g,none
235,2023-02-08,2,Sb,0.2209456473707468,µg/g,left
235,2023-02-08,2,Ti,15.56236352445295,µg/g,none
235,2023-02-08,2,U,0.6884808148274689,µg/g,none
235,2023-02-08,2,V,1.729993147276139,µg/g,none
236,2023-02-01,3,Ag,0.04185851820845543,µg/g,left
236,2023-02-01,3,As,0.04185851820845543,µg/g,left
236,2023-02-01,3,Cd,0.04185851820845543,µg/g,left
236,2023-02-01,3,Ce,2.5813851038998448,µg/g,none
236,2023-02-01,3,Co,0.04185851820845543,µg/g,left
236,2023-02-01,3,Sb,0.20929259104227713,µg/g,left
236,2023-02-01,3,Ti,1.670597162244507,µg/g,none
236,2023-02-01,3,U,0.04185851820845543,µg/g,left
236,2023-02-01,3,V,0.04185851820845543,µg/g,left
